scenario,scenario_name,success,collision,reason_for_failure,gif_path,task_time_s,avg_speed_mps,min_clearance_m,t_c_s,t95_s,Omega_bar,C_Omega,URR
recorded/hand-crafted/BRA_VilaVelha-92_1_T-10.xml,BRA_VilaVelha-92_1_T-10,True,False,,/home/yanjun/NewDisk/beliefplanning/planner/Frenet/results/method_compare_100_v2_clean/MLE/gifs/BRA_VilaVelha-92_1_T-10.gif,3.8000000000000003,9.982873889655831,3.1825143925106496,0.1501389239963732,0.2381455302238464,1.0,0.47368421052631576,0.0
recorded/hand-crafted/vv_samples/vv_001.xml,vv_001,True,False,,/home/yanjun/NewDisk/beliefplanning/planner/Frenet/results/method_compare_100_v2_clean/MLE/gifs/vv_001.gif,3.3000000000000003,11.150469768472151,3.618018124473815,0.1358569318597967,0.2447695255279541,1.0,0.42424242424242425,0.0
recorded/hand-crafted/vv_samples/vv_002.xml,vv_002,True,False,,/home/yanjun/NewDisk/beliefplanning/planner/Frenet/results/method_compare_100_v2_clean/MLE/gifs/vv_002.gif,3.1,11.74866850239006,3.977674798060855,0.1334382180244692,0.23925578594207764,1.0,0.25806451612903225,0.0
recorded/hand-crafted/vv_samples/vv_003.xml,vv_003,True,False,,/home/yanjun/NewDisk/beliefplanning/planner/Frenet/results/method_compare_100_v2_clean/MLE/gifs/vv_003.gif,3.1,11.962134595533584,3.8435984968813544,0.13571849176960607,0.2454366683959961,1.0,0.3225806451612903,0.0
recorded/hand-crafted/vv_samples/vv_004.xml,vv_004,True,False,,/home/yanjun/NewDisk/beliefplanning/planner/Frenet/results/method_compare_100_v2_clean/MLE/gifs/vv_004.gif,3.2,11.464471666465238,3.6045877557630104,0.13337060064077377,0.24253215789794919,1.0,0.34375,0.0
recorded/hand-crafted/vv_samples/vv_005.xml,vv_005,True,False,,/home/yanjun/NewDisk/beliefplanning/planner/Frenet/results/method_compare_100_v2_clean/MLE/gifs/vv_005.gif,3.2,11.481066103574053,3.877822266519649,0.13631648570299149,0.24443850517272947,1.0,0.4375,0.0
recorded/hand-crafted/vv_samples/vv_006.xml,vv_006,True,False,,/home/yanjun/NewDisk/beliefplanning/planner/Frenet/results/method_compare_100_v2_clean/MLE/gifs/vv_006.gif,3.1,12.03699516129604,3.6801672689814247,0.13432198186074534,0.24383926391601562,1.0,0.3548387096774194,0.0
recorded/hand-crafted/vv_samples/vv_007.xml,vv_007,False,True,Collision detected.,/home/yanjun/NewDisk/beliefplanning/planner/Frenet/results/method_compare_100_v2_clean/MLE/gifs/vv_007.gif,3.0,9.188693028244353,4.082639860565639,0.1503387451171875,0.253078305721283,1.0,0.43333333333333335,0.0
recorded/hand-crafted/vv_samples/vv_008.xml,vv_008,True,False,,/home/yanjun/NewDisk/beliefplanning/planner/Frenet/results/method_compare_100_v2_clean/MLE/gifs/vv_008.gif,3.4000000000000004,10.805637024621843,3.624592560210752,0.14162083233104034,0.23888535499572752,1.0,0.47058823529411764,0.0
recorded/hand-crafted/vv_samples/vv_009.xml,vv_009,True,False,,/home/yanjun/NewDisk/beliefplanning/planner/Frenet/results/method_compare_100_v2_clean/MLE/gifs/vv_009.gif,3.2,11.460377977946363,3.2166852937773807,0.1295117437839508,0.18379194736480703,1.0,0.28125,0.0
recorded/hand-crafted/vv_samples/vv_010.xml,vv_010,True,False,,/home/yanjun/NewDisk/beliefplanning/planner/Frenet/results/method_compare_100_v2_clean/MLE/gifs/vv_010.gif,3.1,11.91946394708178,4.774712940612848,0.13414918991827196,0.24187028408050537,1.0,0.3548387096774194,0.0
recorded/hand-crafted/vv_samples/vv_011.xml,vv_011,True,False,,/home/yanjun/NewDisk/beliefplanning/planner/Frenet/results/method_compare_100_v2_clean/MLE/gifs/vv_011.gif,3.8000000000000003,9.859840856230614,3.0316739663961463,0.1405323116402877,0.25057915449142454,1.0,0.42105263157894735,0.0
recorded/hand-crafted/vv_samples/vv_012.xml,vv_012,True,False,,/home/yanjun/NewDisk/beliefplanning/planner/Frenet/results/method_compare_100_v2_clean/MLE/gifs/vv_012.gif,3.3000000000000003,11.510959201200325,3.777969367898923,0.13744356415488504,0.24031887054443357,1.0,0.36363636363636365,0.0
recorded/hand-crafted/vv_samples/vv_013.xml,vv_013,True,False,,/home/yanjun/NewDisk/beliefplanning/planner/Frenet/results/method_compare_100_v2_clean/MLE/gifs/vv_013.gif,3.2,11.442284736876182,3.6845148739418403,0.13571747392416,0.24218093156814574,1.0,0.34375,0.0
recorded/hand-crafted/vv_samples/vv_014.xml,vv_014,True,False,,/home/yanjun/NewDisk/beliefplanning/planner/Frenet/results/method_compare_100_v2_clean/MLE/gifs/vv_014.gif,3.3000000000000003,11.293193722012079,3.593627024099142,0.13739401643926447,0.2459393501281738,1.0,0.30303030303030304,0.0
recorded/hand-crafted/vv_samples/vv_015.xml,vv_015,False,True,Collision detected.,/home/yanjun/NewDisk/beliefplanning/planner/Frenet/results/method_compare_100_v2_clean/MLE/gifs/vv_015.gif,3.7,8.089138545194025,3.2179400531813966,0.1511077172047383,0.25196762084960933,1.0,0.43243243243243246,0.0
recorded/hand-crafted/vv_samples/vv_016.xml,vv_016,False,True,Collision detected.,/home/yanjun/NewDisk/beliefplanning/planner/Frenet/results/method_compare_100_v2_clean/MLE/gifs/vv_016.gif,3.2,9.561452923886879,2.832652706722054,0.1452479138970375,0.2579710841178894,1.0,0.40625,0.0
recorded/hand-crafted/vv_samples/vv_017.xml,vv_017,False,True,Collision detected.,/home/yanjun/NewDisk/beliefplanning/planner/Frenet/results/method_compare_100_v2_clean/MLE/gifs/vv_017.gif,3.1,8.558212870665638,3.6349738314463935,0.15036681390577747,0.2509516477584839,1.0,0.3225806451612903,0.0
recorded/hand-crafted/vv_samples/vv_018.xml,vv_018,True,False,,/home/yanjun/NewDisk/beliefplanning/planner/Frenet/results/method_compare_100_v2_clean/MLE/gifs/vv_018.gif,3.9000000000000004,10.086990532613441,3.0205821792417997,0.14064214779780462,0.24580299854278564,1.0,0.5128205128205128,0.0
recorded/hand-crafted/vv_samples/vv_019.xml,vv_019,True,False,,/home/yanjun/NewDisk/beliefplanning/planner/Frenet/results/method_compare_100_v2_clean/MLE/gifs/vv_019.gif,3.9000000000000004,10.100992582367633,3.3709734607794966,0.14464203516642252,0.2597104549407959,1.0,0.48717948717948717,0.0
recorded/hand-crafted/vv_samples/vv_020.xml,vv_020,True,False,,/home/yanjun/NewDisk/beliefplanning/planner/Frenet/results/method_compare_100_v2_clean/MLE/gifs/vv_020.gif,3.5,11.167005130974367,3.582132720132129,0.13634537288120815,0.248350191116333,1.0,0.45714285714285713,0.0
recorded/hand-crafted/vv_samples/vv_021.xml,vv_021,True,False,,/home/yanjun/NewDisk/beliefplanning/planner/Frenet/results/method_compare_100_v2_clean/MLE/gifs/vv_021.gif,3.2,11.793776938780013,4.19477115810515,0.13315077126026154,0.23885151147842407,1.0,0.34375,0.0
recorded/hand-crafted/vv_samples/vv_022.xml,vv_022,False,True,Collision detected.,/home/yanjun/NewDisk/beliefplanning/planner/Frenet/results/method_compare_100_v2_clean/MLE/gifs/vv_022.gif,2.8000000000000003,9.155488467740096,3.494483302533359,0.14879486390522548,0.25316743850708007,1.0,0.5,0.0
recorded/hand-crafted/vv_samples/vv_023.xml,vv_023,True,False,,/home/yanjun/NewDisk/beliefplanning/planner/Frenet/results/method_compare_100_v2_clean/MLE/gifs/vv_023.gif,4.0,9.379807729964838,3.35020632217092,0.14473450183868408,0.25651707649230954,1.0,0.4,0.0
recorded/hand-crafted/vv_samples/vv_024.xml,vv_024,True,False,,/home/yanjun/NewDisk/beliefplanning/planner/Frenet/results/method_compare_100_v2_clean/MLE/gifs/vv_024.gif,3.8000000000000003,9.578387774107803,3.457856136495634,0.14477594275223582,0.25541173219680785,1.0,0.39473684210526316,0.0
recorded/hand-crafted/vv_samples/vv_025.xml,vv_025,False,True,Collision detected.,/home/yanjun/NewDisk/beliefplanning/planner/Frenet/results/method_compare_100_v2_clean/MLE/gifs/vv_025.gif,3.2,9.179711905164194,2.719433829547466,0.14671389013528824,0.2537563920021057,1.0,0.46875,0.0
recorded/hand-crafted/vv_samples/vv_026.xml,vv_026,True,False,,/home/yanjun/NewDisk/beliefplanning/planner/Frenet/results/method_compare_100_v2_clean/MLE/gifs/vv_026.gif,3.1,12.029510183274814,3.9481421384767845,0.1357256135632915,0.24871599674224854,1.0,0.3870967741935484,0.0
recorded/hand-crafted/vv_samples/vv_027.xml,vv_027,True,False,,/home/yanjun/NewDisk/beliefplanning/planner/Frenet/results/method_compare_100_v2_clean/MLE/gifs/vv_027.gif,3.6,10.628641177529396,3.2376131590246864,0.14427069160673353,0.2553742527961731,1.0,0.5277777777777778,0.0
recorded/hand-crafted/vv_samples/vv_028.xml,vv_028,False,True,Collision detected.,/home/yanjun/NewDisk/beliefplanning/planner/Frenet/results/method_compare_100_v2_clean/MLE/gifs/vv_028.gif,3.5,7.733309335299091,4.060889008790164,0.14717516217912946,0.24981873035430904,1.0,0.37142857142857144,0.0
recorded/hand-crafted/vv_samples/vv_029.xml,vv_029,True,False,,/home/yanjun/NewDisk/beliefplanning/planner/Frenet/results/method_compare_100_v2_clean/MLE/gifs/vv_029.gif,3.3000000000000003,11.855001937907085,3.5749688907389987,0.13283340136210123,0.24368233680725096,1.0,0.45454545454545453,0.0
recorded/hand-crafted/vv_samples/vv_030.xml,vv_030,False,True,Collision detected.,/home/yanjun/NewDisk/beliefplanning/planner/Frenet/results/method_compare_100_v2_clean/MLE/gifs/vv_030.gif,3.8000000000000003,7.12780795660602,3.066878243126822,0.14595970981999448,0.26187082529067995,1.0,0.34210526315789475,0.0
recorded/hand-crafted/vv_samples/vv_031.xml,vv_031,True,False,,/home/yanjun/NewDisk/beliefplanning/planner/Frenet/results/method_compare_100_v2_clean/MLE/gifs/vv_031.gif,3.1,11.978275579952077,3.616109181073241,0.13463289506973758,0.2421809434890747,1.0,0.2903225806451613,0.0
recorded/hand-crafted/vv_samples/vv_032.xml,vv_032,False,True,Collision detected.,/home/yanjun/NewDisk/beliefplanning/planner/Frenet/results/method_compare_100_v2_clean/MLE/gifs/vv_032.gif,3.1,9.105362165736299,3.132497656520198,0.14701706363308814,0.22207653522491455,1.0,0.3548387096774194,0.0
recorded/hand-crafted/vv_samples/vv_033.xml,vv_033,True,False,,/home/yanjun/NewDisk/beliefplanning/planner/Frenet/results/method_compare_100_v2_clean/MLE/gifs/vv_033.gif,4.0,9.945867585349356,3.5030655182900086,0.1393604040145874,0.2481555938720703,1.0,0.45,0.0
recorded/hand-crafted/vv_samples/vv_034.xml,vv_034,False,True,Collision detected.,/home/yanjun/NewDisk/beliefplanning/planner/Frenet/results/method_compare_100_v2_clean/MLE/gifs/vv_034.gif,3.3000000000000003,9.83840106498757,2.8893924591523077,0.1428130612228856,0.2556644916534424,1.0,0.45454545454545453,0.0
recorded/hand-crafted/vv_samples/vv_035.xml,vv_035,False,True,Collision detected.,/home/yanjun/NewDisk/beliefplanning/planner/Frenet/results/method_compare_100_v2_clean/MLE/gifs/vv_035.gif,3.4000000000000004,8.239477644077699,3.3716005120737984,0.15060342760647044,0.2555399179458618,1.0,0.47058823529411764,0.0
recorded/hand-crafted/vv_samples/vv_036.xml,vv_036,True,False,,/home/yanjun/NewDisk/beliefplanning/planner/Frenet/results/method_compare_100_v2_clean/MLE/gifs/vv_036.gif,3.2,11.784021079387392,3.5985199706482884,0.12971032410860062,0.1831961512565612,1.0,0.3125,0.0
recorded/hand-crafted/vv_samples/vv_037.xml,vv_037,False,True,Collision detected.,/home/yanjun/NewDisk/beliefplanning/planner/Frenet/results/method_compare_100_v2_clean/MLE/gifs/vv_037.gif,4.3,6.330800048209539,2.8294673932855456,0.1418705984603527,0.24251897335052477,1.0,0.5348837209302325,0.0
recorded/hand-crafted/vv_samples/vv_038.xml,vv_038,True,False,,/home/yanjun/NewDisk/beliefplanning/planner/Frenet/results/method_compare_100_v2_clean/MLE/gifs/vv_038.gif,3.1,11.904732731435773,4.924187571995851,0.13543057441711426,0.24818634986877441,1.0,0.2903225806451613,0.0
recorded/hand-crafted/vv_samples/vv_039.xml,vv_039,False,True,Collision detected.,/home/yanjun/NewDisk/beliefplanning/planner/Frenet/results/method_compare_100_v2_clean/MLE/gifs/vv_039.gif,3.2,9.201821377644771,2.8307193675554356,0.14284685254096985,0.2399460792541504,1.0,0.25,0.0
recorded/hand-crafted/vv_samples/vv_040.xml,vv_040,True,False,,/home/yanjun/NewDisk/beliefplanning/planner/Frenet/results/method_compare_100_v2_clean/MLE/gifs/vv_040.gif,3.0,12.017187274872036,5.382820988949834,0.13403542041778566,0.24021834135055536,1.0,0.3333333333333333,0.0
recorded/hand-crafted/vv_samples/vv_041.xml,vv_041,True,False,,/home/yanjun/NewDisk/beliefplanning/planner/Frenet/results/method_compare_100_v2_clean/MLE/gifs/vv_041.gif,3.1,11.873313015949272,3.5559344793554923,0.13491162177055113,0.24197494983673096,1.0,0.25806451612903225,0.0
recorded/hand-crafted/vv_samples/vv_042.xml,vv_042,True,False,,/home/yanjun/NewDisk/beliefplanning/planner/Frenet/results/method_compare_100_v2_clean/MLE/gifs/vv_042.gif,3.9000000000000004,9.567333161042878,3.186878790332455,0.14424562454223633,0.24505968093872074,1.0,0.38461538461538464,0.0
recorded/hand-crafted/vv_samples/vv_043.xml,vv_043,False,True,Collision detected.,/home/yanjun/NewDisk/beliefplanning/planner/Frenet/results/method_compare_100_v2_clean/MLE/gifs/vv_043.gif,3.1,9.091941203026213,3.318173176454659,0.14637085699266003,0.24365723133087158,1.0,0.3870967741935484,0.0
recorded/hand-crafted/vv_samples/vv_044.xml,vv_044,False,True,Collision detected.,/home/yanjun/NewDisk/beliefplanning/planner/Frenet/results/method_compare_100_v2_clean/MLE/gifs/vv_044.gif,3.0,9.422902009230917,3.9293597394575,0.14665711720784505,0.23241934776306145,1.0,0.4666666666666667,0.0
recorded/hand-crafted/vv_samples/vv_045.xml,vv_045,True,False,,/home/yanjun/NewDisk/beliefplanning/planner/Frenet/results/method_compare_100_v2_clean/MLE/gifs/vv_045.gif,3.2,11.339076415253697,4.181807847920061,0.14034903794527054,0.24388227462768555,1.0,0.5,0.0
recorded/hand-crafted/vv_samples/vv_046.xml,vv_046,False,True,Collision detected.,/home/yanjun/NewDisk/beliefplanning/planner/Frenet/results/method_compare_100_v2_clean/MLE/gifs/vv_046.gif,3.3000000000000003,8.665289518047413,3.8561715234762897,0.15078827106591428,0.25801630020141597,1.0,0.42424242424242425,0.0
recorded/hand-crafted/vv_samples/vv_047.xml,vv_047,True,False,,/home/yanjun/NewDisk/beliefplanning/planner/Frenet/results/method_compare_100_v2_clean/MLE/gifs/vv_047.gif,3.9000000000000004,9.852509020214423,2.661734790902948,0.14205691141959947,0.24579803943634032,1.0,0.48717948717948717,0.0
recorded/hand-crafted/vv_samples/vv_048.xml,vv_048,False,True,Collision detected.,/home/yanjun/NewDisk/beliefplanning/planner/Frenet/results/method_compare_100_v2_clean/MLE/gifs/vv_048.gif,3.1,8.693997196537993,4.323539191172668,0.1501785401375063,0.2550095319747925,1.0,0.4838709677419355,0.0
recorded/hand-crafted/vv_samples/vv_049.xml,vv_049,True,False,,/home/yanjun/NewDisk/beliefplanning/planner/Frenet/results/method_compare_100_v2_clean/MLE/gifs/vv_049.gif,3.9000000000000004,9.676986950984963,3.472654907604258,0.14468962718278933,0.2477836847305298,1.0,0.5128205128205128,0.0
recorded/hand-crafted/vv_samples/vv_050.xml,vv_050,True,False,,/home/yanjun/NewDisk/beliefplanning/planner/Frenet/results/method_compare_100_v2_clean/MLE/gifs/vv_050.gif,3.2,11.284536351170594,3.1858765277482144,0.1375344917178154,0.2521351099014282,1.0,0.40625,0.0
recorded/hand-crafted/vv_samples/vv_051.xml,vv_051,True,False,,/home/yanjun/NewDisk/beliefplanning/planner/Frenet/results/method_compare_100_v2_clean/MLE/gifs/vv_051.gif,3.8000000000000003,9.601726670385256,3.473851078277666,0.14450781596334358,0.2472591161727905,1.0,0.42105263157894735,0.0
recorded/hand-crafted/vv_samples/vv_052.xml,vv_052,True,False,,/home/yanjun/NewDisk/beliefplanning/planner/Frenet/results/method_compare_100_v2_clean/MLE/gifs/vv_052.gif,3.3000000000000003,11.736805066071854,3.531904204335202,0.13455207420117926,0.24888396263122559,1.0,0.42424242424242425,0.0
recorded/hand-crafted/vv_samples/vv_053.xml,vv_053,False,True,Collision detected.,/home/yanjun/NewDisk/beliefplanning/planner/Frenet/results/method_compare_100_v2_clean/MLE/gifs/vv_053.gif,2.9000000000000004,9.201799301329503,3.857730064089707,0.15151036196741566,0.25336384773254395,1.0,0.4482758620689655,0.0
recorded/hand-crafted/vv_samples/vv_054.xml,vv_054,True,False,,/home/yanjun/NewDisk/beliefplanning/planner/Frenet/results/method_compare_100_v2_clean/MLE/gifs/vv_054.gif,3.4000000000000004,11.502431531533551,3.508498837100666,0.13347327709197998,0.2417206525802612,1.0,0.4117647058823529,0.0
recorded/hand-crafted/vv_samples/vv_055.xml,vv_055,True,False,,/home/yanjun/NewDisk/beliefplanning/planner/Frenet/results/method_compare_100_v2_clean/MLE/gifs/vv_055.gif,3.3000000000000003,11.250920458679186,3.543055051623839,0.13757395021843188,0.25303688049316403,1.0,0.36363636363636365,0.0
recorded/hand-crafted/vv_samples/vv_056.xml,vv_056,True,False,,/home/yanjun/NewDisk/beliefplanning/planner/Frenet/results/method_compare_100_v2_clean/MLE/gifs/vv_056.gif,3.8000000000000003,9.776582457408743,3.2748458112304606,0.14579702678479647,0.2569459080696106,1.0,0.5526315789473685,0.0
recorded/hand-crafted/vv_samples/vv_057.xml,vv_057,False,True,Collision detected.,/home/yanjun/NewDisk/beliefplanning/planner/Frenet/results/method_compare_100_v2_clean/MLE/gifs/vv_057.gif,2.9000000000000004,9.63924821754462,3.604877502809174,0.14791251051014867,0.25715012550354,1.0,0.4482758620689655,0.0
recorded/hand-crafted/vv_samples/vv_058.xml,vv_058,True,False,,/home/yanjun/NewDisk/beliefplanning/planner/Frenet/results/method_compare_100_v2_clean/MLE/gifs/vv_058.gif,3.3000000000000003,11.281051647397565,3.368525081559276,0.13495587580131763,0.2421504020690918,1.0,0.3333333333333333,0.0
recorded/hand-crafted/vv_samples/vv_059.xml,vv_059,True,False,,/home/yanjun/NewDisk/beliefplanning/planner/Frenet/results/method_compare_100_v2_clean/MLE/gifs/vv_059.gif,4.0,9.531020800947033,3.3706761473033944,0.1458302140235901,0.25141698122024536,1.0,0.55,0.0
recorded/hand-crafted/vv_samples/vv_060.xml,vv_060,True,False,,/home/yanjun/NewDisk/beliefplanning/planner/Frenet/results/method_compare_100_v2_clean/MLE/gifs/vv_060.gif,3.5,10.97978022319194,3.590933952812932,0.14182849611554826,0.24383606910705566,1.0,0.45714285714285713,0.0
recorded/hand-crafted/vv_samples/vv_061.xml,vv_061,True,False,,/home/yanjun/NewDisk/beliefplanning/planner/Frenet/results/method_compare_100_v2_clean/MLE/gifs/vv_061.gif,3.1,11.49247303840807,3.6179913457385457,0.13569116592407227,0.2522319555282593,1.0,0.25806451612903225,0.0
recorded/hand-crafted/vv_samples/vv_062.xml,vv_062,True,False,,/home/yanjun/NewDisk/beliefplanning/planner/Frenet/results/method_compare_100_v2_clean/MLE/gifs/vv_062.gif,3.1,11.887697177423906,3.5387326061868416,0.13398487337173953,0.24178564548492432,1.0,0.25806451612903225,0.0
recorded/hand-crafted/vv_samples/vv_063.xml,vv_063,True,False,,/home/yanjun/NewDisk/beliefplanning/planner/Frenet/results/method_compare_100_v2_clean/MLE/gifs/vv_063.gif,3.3000000000000003,11.518039698986087,3.546257410885415,0.1339610345435865,0.25066075325012205,1.0,0.15151515151515152,0.0
recorded/hand-crafted/vv_samples/vv_064.xml,vv_064,True,False,,/home/yanjun/NewDisk/beliefplanning/planner/Frenet/results/method_compare_100_v2_clean/MLE/gifs/vv_064.gif,3.6,10.684136898496531,3.5339884719220187,0.13914532793892753,0.23916852474212646,1.0,0.3888888888888889,0.0
recorded/hand-crafted/vv_samples/vv_065.xml,vv_065,True,False,,/home/yanjun/NewDisk/beliefplanning/planner/Frenet/results/method_compare_100_v2_clean/MLE/gifs/vv_065.gif,3.3000000000000003,11.461446230243663,3.61243893485433,0.1341961586114132,0.24316020011901857,1.0,0.42424242424242425,0.0
recorded/hand-crafted/vv_samples/vv_066.xml,vv_066,True,False,,/home/yanjun/NewDisk/beliefplanning/planner/Frenet/results/method_compare_100_v2_clean/MLE/gifs/vv_066.gif,4.0,9.39318745815704,3.242726975066263,0.14161460399627684,0.2508140325546265,1.0,0.575,0.0
recorded/hand-crafted/vv_samples/vv_067.xml,vv_067,True,False,,/home/yanjun/NewDisk/beliefplanning/planner/Frenet/results/method_compare_100_v2_clean/MLE/gifs/vv_067.gif,3.2,11.514187275251578,3.632706076691965,0.13819148391485214,0.23774286508560177,1.0,0.46875,0.0
recorded/hand-crafted/vv_samples/vv_068.xml,vv_068,True,False,,/home/yanjun/NewDisk/beliefplanning/planner/Frenet/results/method_compare_100_v2_clean/MLE/gifs/vv_068.gif,3.4000000000000004,10.679788934510212,3.190200199296963,0.13837632010964787,0.2438596725463867,1.0,0.47058823529411764,0.0
recorded/hand-crafted/vv_samples/vv_069.xml,vv_069,True,False,,/home/yanjun/NewDisk/beliefplanning/planner/Frenet/results/method_compare_100_v2_clean/MLE/gifs/vv_069.gif,3.6,10.813381132387029,3.2864285133454345,0.14263982243008083,0.24969226121902466,1.0,0.5,0.0
recorded/hand-crafted/vv_samples/vv_070.xml,vv_070,False,True,Collision detected.,/home/yanjun/NewDisk/beliefplanning/planner/Frenet/results/method_compare_100_v2_clean/MLE/gifs/vv_070.gif,4.4,6.33403862901608,2.7098369963961333,0.14291919361461292,0.24360784292221072,1.0,0.5454545454545454,0.0
recorded/hand-crafted/vv_samples/vv_071.xml,vv_071,True,False,,/home/yanjun/NewDisk/beliefplanning/planner/Frenet/results/method_compare_100_v2_clean/MLE/gifs/vv_071.gif,3.3000000000000003,11.217449335657307,3.2048596380100074,0.1352063020070394,0.24488358497619628,1.0,0.3333333333333333,0.0
recorded/hand-crafted/vv_samples/vv_072.xml,vv_072,False,True,Collision detected.,/home/yanjun/NewDisk/beliefplanning/planner/Frenet/results/method_compare_100_v2_clean/MLE/gifs/vv_072.gif,3.2,9.798711065909593,2.6984088237998125,0.14230559021234512,0.24461944103240968,1.0,0.3125,0.0
recorded/hand-crafted/vv_samples/vv_073.xml,vv_073,True,False,,/home/yanjun/NewDisk/beliefplanning/planner/Frenet/results/method_compare_100_v2_clean/MLE/gifs/vv_073.gif,3.1,11.836492031155128,4.61871732005569,0.1346364713484241,0.24437594413757324,1.0,0.2903225806451613,0.0
recorded/hand-crafted/vv_samples/vv_074.xml,vv_074,True,False,,/home/yanjun/NewDisk/beliefplanning/planner/Frenet/results/method_compare_100_v2_clean/MLE/gifs/vv_074.gif,3.2,11.393540119162491,3.2627296469207607,0.1364026963710785,0.24534205198287962,1.0,0.40625,0.0
recorded/hand-crafted/vv_samples/vv_075.xml,vv_075,True,False,,/home/yanjun/NewDisk/beliefplanning/planner/Frenet/results/method_compare_100_v2_clean/MLE/gifs/vv_075.gif,3.6,10.689050814487828,2.707636181680621,0.14045878251393637,0.2504462003707886,1.0,0.5,0.0
recorded/hand-crafted/vv_samples/vv_076.xml,vv_076,True,False,,/home/yanjun/NewDisk/beliefplanning/planner/Frenet/results/method_compare_100_v2_clean/MLE/gifs/vv_076.gif,3.8000000000000003,10.613592671308497,3.3422032444126324,0.14264703424353348,0.25598483085632323,1.0,0.5263157894736842,0.0
recorded/hand-crafted/vv_samples/vv_077.xml,vv_077,True,False,,/home/yanjun/NewDisk/beliefplanning/planner/Frenet/results/method_compare_100_v2_clean/MLE/gifs/vv_077.gif,3.0,11.84521292312177,3.9291086613556563,0.13590214252471924,0.24449058771133422,1.0,0.26666666666666666,0.0
recorded/hand-crafted/vv_samples/vv_078.xml,vv_078,True,False,,/home/yanjun/NewDisk/beliefplanning/planner/Frenet/results/method_compare_100_v2_clean/MLE/gifs/vv_078.gif,3.2,11.376208046053879,3.296549453780307,0.13516583293676376,0.2412120461463928,1.0,0.375,0.0
recorded/hand-crafted/vv_samples/vv_079.xml,vv_079,False,True,Collision detected.,/home/yanjun/NewDisk/beliefplanning/planner/Frenet/results/method_compare_100_v2_clean/MLE/gifs/vv_079.gif,3.1,9.466833761333628,3.568065767601934,0.14642865427078738,0.26226818561553955,1.0,0.45161290322580644,0.0
recorded/hand-crafted/vv_samples/vv_080.xml,vv_080,False,True,Collision detected.,/home/yanjun/NewDisk/beliefplanning/planner/Frenet/results/method_compare_100_v2_clean/MLE/gifs/vv_080.gif,3.1,8.927666196367928,3.843201313825921,0.1527881622314453,0.26847290992736816,1.0,0.3870967741935484,0.0
recorded/hand-crafted/vv_samples/vv_081.xml,vv_081,False,True,Collision detected.,/home/yanjun/NewDisk/beliefplanning/planner/Frenet/results/method_compare_100_v2_clean/MLE/gifs/vv_081.gif,3.4000000000000004,9.462319703611703,2.8695090097185867,0.1444093900568345,0.25647698640823363,1.0,0.5,0.0
recorded/hand-crafted/vv_samples/vv_082.xml,vv_082,True,False,,/home/yanjun/NewDisk/beliefplanning/planner/Frenet/results/method_compare_100_v2_clean/MLE/gifs/vv_082.gif,4.1000000000000005,9.25213856270993,3.4162671062415453,0.14440610350632085,0.25226712226867676,1.0,0.5609756097560976,0.0
recorded/hand-crafted/vv_samples/vv_083.xml,vv_083,True,False,,/home/yanjun/NewDisk/beliefplanning/planner/Frenet/results/method_compare_100_v2_clean/MLE/gifs/vv_083.gif,3.4000000000000004,10.81091811368314,3.600194703455968,0.14173526623669794,0.24337029457092285,1.0,0.47058823529411764,0.0
recorded/hand-crafted/vv_samples/vv_084.xml,vv_084,True,False,,/home/yanjun/NewDisk/beliefplanning/planner/Frenet/results/method_compare_100_v2_clean/MLE/gifs/vv_084.gif,3.8000000000000003,10.138709891723776,3.6134107758411877,0.1395846730784366,0.2500758647918701,1.0,0.4473684210526316,0.0
recorded/hand-crafted/vv_samples/vv_085.xml,vv_085,True,False,,/home/yanjun/NewDisk/beliefplanning/planner/Frenet/results/method_compare_100_v2_clean/MLE/gifs/vv_085.gif,3.9000000000000004,9.713106293838994,3.2703354759421392,0.14374517171810836,0.25380191802978513,1.0,0.46153846153846156,0.0
recorded/hand-crafted/vv_samples/vv_086.xml,vv_086,True,False,,/home/yanjun/NewDisk/beliefplanning/planner/Frenet/results/method_compare_100_v2_clean/MLE/gifs/vv_086.gif,3.9000000000000004,10.09737396497056,3.594630091545365,0.14238934639172676,0.2447805404663086,1.0,0.5128205128205128,0.0
recorded/hand-crafted/vv_samples/vv_087.xml,vv_087,False,True,Collision detected.,/home/yanjun/NewDisk/beliefplanning/planner/Frenet/results/method_compare_100_v2_clean/MLE/gifs/vv_087.gif,3.2,9.827035225042682,2.8593796808682725,0.14412038028240204,0.25396915674209597,1.0,0.375,0.0
recorded/hand-crafted/vv_samples/vv_088.xml,vv_088,False,True,Collision detected.,/home/yanjun/NewDisk/beliefplanning/planner/Frenet/results/method_compare_100_v2_clean/MLE/gifs/vv_088.gif,3.4000000000000004,9.460530121338184,2.8997628686918184,0.14290149772868438,0.25433231592178346,1.0,0.23529411764705882,0.0
recorded/hand-crafted/vv_samples/vv_089.xml,vv_089,True,False,,/home/yanjun/NewDisk/beliefplanning/planner/Frenet/results/method_compare_100_v2_clean/MLE/gifs/vv_089.gif,4.0,9.200180426735562,2.927507253873144,0.14370526671409606,0.2610729932785034,1.0,0.525,0.0
recorded/hand-crafted/vv_samples/vv_090.xml,vv_090,False,True,Collision detected.,/home/yanjun/NewDisk/beliefplanning/planner/Frenet/results/method_compare_100_v2_clean/MLE/gifs/vv_090.gif,4.3,6.38547343301787,2.7831281896946205,0.14558691756669864,0.25628492832183836,1.0,0.5348837209302325,0.0
recorded/hand-crafted/vv_samples/vv_091.xml,vv_091,True,False,,/home/yanjun/NewDisk/beliefplanning/planner/Frenet/results/method_compare_100_v2_clean/MLE/gifs/vv_091.gif,3.0,11.861702578615125,4.98959288366511,0.13731016318003336,0.24843677282333376,1.0,0.3,0.0
recorded/hand-crafted/vv_samples/vv_092.xml,vv_092,False,True,Collision detected.,/home/yanjun/NewDisk/beliefplanning/planner/Frenet/results/method_compare_100_v2_clean/MLE/gifs/vv_092.gif,3.1,8.602124207003573,4.445707833033473,0.15342968510043237,0.2524557113647461,1.0,0.41935483870967744,0.0
recorded/hand-crafted/vv_samples/vv_093.xml,vv_093,True,False,,/home/yanjun/NewDisk/beliefplanning/planner/Frenet/results/method_compare_100_v2_clean/MLE/gifs/vv_093.gif,3.4000000000000004,11.691736109002935,3.5324506693467,0.13457674138686238,0.24421052932739257,1.0,0.38235294117647056,0.0
recorded/hand-crafted/vv_samples/vv_094.xml,vv_094,True,False,,/home/yanjun/NewDisk/beliefplanning/planner/Frenet/results/method_compare_100_v2_clean/MLE/gifs/vv_094.gif,3.9000000000000004,9.552427576076735,3.450635209460955,0.1462116302588047,0.261981201171875,1.0,0.46153846153846156,0.0
recorded/hand-crafted/vv_samples/vv_095.xml,vv_095,True,False,,/home/yanjun/NewDisk/beliefplanning/planner/Frenet/results/method_compare_100_v2_clean/MLE/gifs/vv_095.gif,3.2,11.57701297557324,3.3204842012002307,0.1339665800333023,0.22764701843261714,1.0,0.40625,0.0
recorded/hand-crafted/vv_samples/vv_096.xml,vv_096,True,False,,/home/yanjun/NewDisk/beliefplanning/planner/Frenet/results/method_compare_100_v2_clean/MLE/gifs/vv_096.gif,3.6,10.722050245065326,3.5407263862725658,0.14427796999613443,0.25962746143341064,1.0,0.3611111111111111,0.0
recorded/hand-crafted/vv_samples/vv_097.xml,vv_097,True,False,,/home/yanjun/NewDisk/beliefplanning/planner/Frenet/results/method_compare_100_v2_clean/MLE/gifs/vv_097.gif,3.1,11.868985595853117,3.6225453341797147,0.14011475347703503,0.2540236711502075,1.0,0.3870967741935484,0.0
recorded/hand-crafted/vv_samples/vv_098.xml,vv_098,False,True,Collision detected.,/home/yanjun/NewDisk/beliefplanning/planner/Frenet/results/method_compare_100_v2_clean/MLE/gifs/vv_098.gif,3.1,9.008159146105056,3.5030654514809,0.1537161950142153,0.2670259475708008,1.0,0.41935483870967744,0.0
recorded/hand-crafted/vv_samples/vv_099.xml,vv_099,False,True,Collision detected.,/home/yanjun/NewDisk/beliefplanning/planner/Frenet/results/method_compare_100_v2_clean/MLE/gifs/vv_099.gif,3.6,8.38809226974011,2.9625955272055915,0.15525461567772758,0.27854788303375244,1.0,0.4166666666666667,0.0
