scenario_name,entity,obstacle_id,x_nominal,y_nominal,velocity_nominal,orientation_nominal,ds,dx,dy,dv,x_new,y_new,orientation_new,velocity_new,trajectory_num_states,trajectory_start_time_step
vv_001,ego,,15.9923642,-21.86624793,11.9056,2.133392559981426,1.0958241942238534,-0.5844952071339922,0.9269282634430276,-0.06112156024794768,15.407868992866009,-20.939319666556973,2.133392559981426,11.844478439752052,,
vv_001,obstacle_20044,20044,-13.801503,18.76673,6.0,-1.005846,2.151587519468295,1.1518805361830644,-1.8172782075852076,0.2763152406831094,-12.649622463816936,16.94945179241479,-1.005846,6.276315240683109,151,0
vv_001,obstacle_20087,20087,-13.856,-10.595,4.1962,0.5587,-2.434935912674103,-2.107123274322044,-1.2202230966673326,0.6658712922914582,-15.963123274322044,-11.815223096667333,0.5587,4.862071292291459,151,0
vv_002,ego,,15.9923642,-21.86624793,11.9056,2.133392559981426,1.0445588079614119,-0.5571510619306768,0.8835642513305757,0.2860643052769538,15.435213138069324,-20.982683678669424,2.133392559981426,12.191664305276953,,
vv_002,obstacle_20044,20044,-13.801503,18.76673,6.0,-1.005846,-2.2313182039467248,-1.1945871179769583,1.8846067347931097,-0.06945968694620597,-14.996090117976959,20.65133673479311,-1.005846,5.930540313053794,151,0
vv_002,obstacle_20087,20087,-13.856,-10.595,4.1962,0.5587,-0.7752118546045126,-0.6708459688261836,-0.388483082809314,0.5974709843880426,-14.526845968826184,-10.983483082809315,0.5587,4.793670984388043,151,0
vv_003,ego,,15.9923642,-21.86624793,11.9056,2.133392559981426,0.5754604803226582,-0.30694146005519407,0.4867665767140892,0.32276161327083,15.685422739944807,-21.37948135328591,2.133392559981426,12.22836161327083,,
vv_003,obstacle_20044,20044,-13.801503,18.76673,6.0,-1.005846,-0.33951480703601344,-0.1817669994939628,0.28675958936304724,-0.38186578950131234,-13.983269999493963,19.053489589363046,-1.005846,5.618134210498687,151,0
vv_003,obstacle_20087,20087,-13.856,-10.595,4.1962,0.5587,0.3275087220950086,0.2845890039335792,0.1621812390046493,-0.6106558414541545,-13.57141099606642,-10.432818760995351,0.5587,3.5855441585458454,151,0
vv_004,ego,,15.9923642,-21.86624793,11.9056,2.133392559981426,1.3105246879703283,-0.6990130557533032,1.1085376366055684,0.13166439912206485,15.293351144246698,-20.75771029339443,2.133392559981426,12.037264399122064,,
vv_004,obstacle_20044,20044,-13.801503,18.76673,6.0,-1.005846,1.5485264405122425,0.8290318075135232,-1.3079145228339328,-0.20366364461818426,-12.972471192486477,17.458815477166066,-1.005846,5.796336355381816,151,0
vv_004,obstacle_20087,20087,-13.856,-10.595,4.1962,0.5587,2.824188146369419,2.4020241819714023,1.4848300639172152,0.5503695698510767,-11.453975818028598,-9.110169936082785,0.5587,4.746569569851077,151,0
vv_005,ego,,15.9923642,-21.86624793,11.9056,2.133392559981426,1.1135339882950475,-0.5939413309477075,0.9419085021114597,-0.3053612921480324,15.398422869052293,-20.92433942788854,2.133392559981426,11.600238707851968,,
vv_005,obstacle_20044,20044,-13.801503,18.76673,6.0,-1.005846,-0.19967397763779493,-0.10690002038231228,0.16864780753973463,-0.6386747278978797,-13.908403020382313,18.935377807539734,-1.005846,5.36132527210212,151,0
vv_005,obstacle_20087,20087,-13.856,-10.595,4.1962,0.5587,-2.0742630475947132,-1.795007384754106,-1.0394785612484423,0.25626853453943643,-15.651007384754106,-11.634478561248443,0.5587,4.452468534539436,151,0
vv_006,ego,,15.9923642,-21.86624793,11.9056,2.133392559981426,0.9790486236312685,-0.522208967647158,0.8281509471163382,0.46750973243421,15.470155232352843,-21.038096982883662,2.133392559981426,12.37310973243421,,
vv_006,obstacle_20044,20044,-13.801503,18.76673,6.0,-1.005846,-1.0450478511710883,-0.5594902145603129,0.8826639853582812,-0.18135641155118354,-14.360993214560313,19.64939398535828,-1.005846,5.818643588448817,151,0
vv_006,obstacle_20087,20087,-13.856,-10.595,4.1962,0.5587,-0.1826651323451527,-0.15807313439674253,-0.09153925254589801,-0.434740097282,-14.014073134396742,-10.686539252545899,0.5587,3.7614599027180002,151,0
vv_007,ego,,15.9923642,-21.86624793,11.9056,2.133392559981426,-1.4803139786581134,0.789576056299456,-1.252157788271596,-0.024295073774066256,16.781940256299457,-23.118405718271596,2.133392559981426,11.881304926225933,,
vv_007,obstacle_20044,20044,-13.801503,18.76673,6.0,-1.005846,-1.6385439056946953,-0.8772318706136772,1.3839401634712587,0.23773959255551447,-14.678734870613678,20.150670163471258,-1.005846,6.237739592555514,151,0
vv_007,obstacle_20087,20087,-13.856,-10.595,4.1962,0.5587,-0.3770884867660156,-0.3263214948729125,-0.18897092060788445,0.4657494744809725,-14.182321494872912,-10.783970920607885,0.5587,4.661949474480973,151,0
vv_008,ego,,15.9923642,-21.86624793,11.9056,2.133392559981426,0.8010604080089965,-0.42727287697494987,0.6775954975076424,-0.18763335861795893,15.565091323025051,-21.188652432492358,2.133392559981426,11.717966641382041,,
vv_008,obstacle_20044,20044,-13.801503,18.76673,6.0,-1.005846,1.9935588083712066,1.0672808251512684,-1.6838017586324803,0.4266701004955227,-12.734222174848732,17.08292824136752,-1.005846,6.426670100495523,151,0
vv_008,obstacle_20087,20087,-13.856,-10.595,4.1962,0.5587,-0.6751297258189535,-0.5842377826270866,-0.33832877506260317,-0.29634065449765823,-14.440237782627086,-10.933328775062604,0.5587,3.899859345502342,151,0
vv_009,ego,,15.9923642,-21.86624793,11.9056,2.133392559981426,0.729982015899902,-0.38936079136115076,0.617472194628462,-0.3602475163906902,15.60300340863885,-21.248775735371538,2.133392559981426,11.54535248360931,,
vv_009,obstacle_20044,20044,-13.801503,18.76673,6.0,-1.005846,-1.80055078514935,-0.9639659504405085,1.5207737426367096,-0.6896928223485922,-14.765468950440509,20.28750374263671,-1.005846,5.310307177651408,151,0
vv_009,obstacle_20087,20087,-13.856,-10.595,4.1962,0.5587,1.7215462650128304,1.4682040886862016,0.8984849836698725,0.23079119922884495,-12.387795911313798,-9.696515016330128,0.5587,4.426991199228845,151,0
vv_010,ego,,15.9923642,-21.86624793,11.9056,2.133392559981426,0.8206615145053404,-0.437727796021683,0.6941755469902695,0.2807290310219679,15.554636403978318,-21.17207238300973,2.133392559981426,12.186329031021968,,
vv_010,obstacle_20044,20044,-13.801503,18.76673,6.0,-1.005846,-0.24650534676996028,-0.1319722625141413,0.20820232446607534,0.09623767433405128,-13.933475262514142,18.974932324466074,-1.005846,6.096237674334051,151,0
vv_010,obstacle_20087,20087,-13.856,-10.595,4.1962,0.5587,-2.1612180112340553,-1.8702557010439023,-1.0830544329789085,-0.5396578970496372,-15.726255701043902,-11.678054432978909,0.5587,3.656542102950363,151,0
vv_011,ego,,15.9923642,-21.86624793,11.9056,2.133392559981426,0.6736118471618866,-0.35929383894325717,0.5697901826380765,-0.028903793856867477,15.633070361056744,-21.296457747361924,2.133392559981426,11.876696206143132,,
vv_011,obstacle_20044,20044,-13.801503,18.76673,6.0,-1.005846,0.39141663888713296,0.20955403384553684,-0.3305965700019762,0.3709984003824358,-13.591948966154463,18.436133429998023,-1.005846,6.370998400382436,151,0
vv_011,obstacle_20087,20087,-13.856,-10.595,4.1962,0.5587,0.8083099200035448,0.6951538493012333,0.4122551581580165,0.0750111609211942,-13.160846150698767,-10.182744841841984,0.5587,4.271211160921195,151,0
vv_012,ego,,15.9923642,-21.86624793,11.9056,2.133392559981426,0.23682864298165418,-0.126320626617904,0.20032699429514622,-0.1960499019373878,15.866043573382097,-21.665920935704854,2.133392559981426,11.709550098062612,,
vv_012,obstacle_20044,20044,-13.801503,18.76673,6.0,-1.005846,-2.815092992592364,-1.50712427250844,2.377672177605344,-0.08859565507469269,-15.30862727250844,21.144402177605343,-1.005846,5.911404344925307,151,0
vv_012,obstacle_20087,20087,-13.856,-10.595,4.1962,0.5587,-1.7124919630828248,-1.481941127780404,-0.8581836734733486,-0.12805989878550939,-15.337941127780404,-11.45318367347335,0.5587,4.068140101214491,151,0
vv_013,ego,,15.9923642,-21.86624793,11.9056,2.133392559981426,1.4136122930726644,-0.7539983576510618,1.1957366673342626,-0.26606051413465925,15.238365842348939,-20.670511262665737,2.133392559981426,11.63953948586534,,
vv_013,obstacle_20044,20044,-13.801503,18.76673,6.0,-1.005846,-2.650183549865604,-1.4188362391989369,2.238387047477282,-0.30606255116920483,-15.220339239198937,21.00511704747728,-1.005846,5.693937448830795,151,0
vv_013,obstacle_20087,20087,-13.856,-10.595,4.1962,0.5587,-1.2384374533998983,-1.0717080348062176,-0.6206200239401074,0.22668312061765306,-14.927708034806217,-11.215620023940108,0.5587,4.422883120617653,151,0
vv_014,ego,,15.9923642,-21.86624793,11.9056,2.133392559981426,0.22812860936511337,-0.12168016721239461,0.19296786931964505,0.2838982091064135,15.870684032787606,-21.673280060680355,2.133392559981426,12.189498209106413,,
vv_014,obstacle_20044,20044,-13.801503,18.76673,6.0,-1.005846,0.985881241964325,0.5278125576736734,-0.8326918560994763,-0.1310583939839013,-13.273690442326327,17.934038143900523,-1.005846,5.868941606016099,151,0
vv_014,obstacle_20087,20087,-13.856,-10.595,4.1962,0.5587,1.8841223079962077,1.6058686722586906,0.9849702953916761,-0.4662379121292145,-12.25013132774131,-9.610029704608325,0.5587,3.7299620878707858,151,0
vv_015,ego,,15.9923642,-21.86624793,11.9056,2.133392559981426,-1.909151707464558,1.0183113162409612,-1.6149000914392317,-0.40995213922435825,17.010675516240962,-23.481148021439232,2.133392559981426,11.495647860775641,,
vv_015,obstacle_20044,20044,-13.801503,18.76673,6.0,-1.005846,1.3341561035787013,0.7142665432098507,-1.12685217040449,-0.05337187764805762,-13.08723645679015,17.63987782959551,-1.005846,5.946628122351942,151,0
vv_015,obstacle_20087,20087,-13.856,-10.595,4.1962,0.5587,-2.0323693257983892,-1.758753766831136,-1.0184842974260775,0.0014626851447089306,-15.614753766831136,-11.613484297426078,0.5587,4.197662685144709,151,0
vv_016,ego,,15.9923642,-21.86624793,11.9056,2.133392559981426,-1.3907515891473263,0.7418048946930575,-1.1763993713553376,0.19632037507773603,16.73416909469306,-23.042647301355338,2.133392559981426,12.101920375077736,,
vv_016,obstacle_20044,20044,-13.801503,18.76673,6.0,-1.005846,-0.3230623465558158,-0.17295879933949543,0.2728635803715669,-0.16657028346492453,-13.974461799339496,19.039593580371566,-1.005846,5.8334297165350755,151,0
vv_016,obstacle_20087,20087,-13.856,-10.595,4.1962,0.5587,-1.1909274651127408,-1.030594261929668,-0.596811272042931,0.1823956303664438,-14.886594261929668,-11.191811272042932,0.5587,4.378595630366444,151,0
vv_017,ego,,15.9923642,-21.86624793,11.9056,2.133392559981426,-0.5527495577864383,0.2948278691213275,-0.4675559872597965,-0.412350080683899,16.28719206912133,-22.333803917259797,2.133392559981426,11.493249919316101,,
vv_017,obstacle_20044,20044,-13.801503,18.76673,6.0,-1.005846,-2.291964587276908,-1.2270555432109695,1.9358296317617025,0.6466567303693203,-15.02855854321097,20.7025596317617,-1.005846,6.646656730369321,151,0
vv_017,obstacle_20087,20087,-13.856,-10.595,4.1962,0.5587,2.451484144245642,2.0863842871850817,1.2866387032289524,0.27958998733504936,-11.769615712814918,-9.308361296771048,0.5587,4.47578998733505,151,0
vv_018,ego,,15.9923642,-21.86624793,11.9056,2.133392559981426,-0.9365201541619217,0.49952503362727896,-0.7921772149785262,0.4691763773477239,16.49188923362728,-22.658425144978526,2.133392559981426,12.374776377347724,,
vv_018,obstacle_20044,20044,-13.801503,18.76673,6.0,-1.005846,1.6725054237947674,0.8954047279814237,-1.4126304419890339,0.30364626482259394,-12.906098272018577,17.354099558010965,-1.005846,6.303646264822594,151,0
vv_018,obstacle_20087,20087,-13.856,-10.595,4.1962,0.5587,-0.30383098713726797,-0.2629265686726381,-0.15225927962143793,-0.31886181341677733,-14.118926568672638,-10.747259279621439,0.5587,3.8773381865832226,151,0
vv_019,ego,,15.9923642,-21.86624793,11.9056,2.133392559981426,-1.6144361513860028,0.8611147012974563,-1.3656081275795948,0.40260239654384167,16.853478901297457,-23.231856057579595,2.133392559981426,12.308202396543841,,
vv_019,obstacle_20044,20044,-13.801503,18.76673,6.0,-1.005846,-0.2653422609983336,-0.142057034394659,0.2241122809011209,-0.41669128928667754,-13.94356003439466,18.99084228090112,-1.005846,5.583308710713323,151,0
vv_019,obstacle_20087,20087,-13.856,-10.595,4.1962,0.5587,-1.164260255096085,-1.0075172279121194,-0.5834474929731694,0.11090739651865433,-14.86351722791212,-11.17844749297317,0.5587,4.307107396518655,151,0
vv_020,ego,,15.9923642,-21.86624793,11.9056,2.133392559981426,-1.2929088682430732,0.6896171353237825,-1.093636844774995,0.3566142840923755,16.681981335323783,-22.959884774774995,2.133392559981426,12.262214284092375,,
vv_020,obstacle_20044,20044,-13.801503,18.76673,6.0,-1.005846,1.5511171790112606,0.8304187790788706,-1.3101027266286778,0.3072481383313115,-12.97108422092113,17.45662727337132,-1.005846,6.307248138331311,151,0
vv_020,obstacle_20087,20087,-13.856,-10.595,4.1962,0.5587,-0.4074417613493777,-0.3525883427983878,-0.20418190275871595,0.17823237698342043,-14.208588342798388,-10.799181902758717,0.5587,4.374432376983421,151,0
vv_021,ego,,15.9923642,-21.86624793,11.9056,2.133392559981426,0.3363918756509423,-0.17942606986496834,0.28454486095830234,0.14984660155482,15.812938130135032,-21.581703069041698,2.133392559981426,12.05544660155482,,
vv_021,obstacle_20044,20044,-13.801503,18.76673,6.0,-1.005846,-2.4933340731606655,-1.3348632926233535,2.105909492449925,-0.1178696369611465,-15.136366292623354,20.872639492449924,-1.005846,5.882130363038853,151,0
vv_021,obstacle_20087,20087,-13.856,-10.595,4.1962,0.5587,-2.750314956828645,-2.380043198297235,-1.3782694714729864,-0.008412853057673475,-16.236043198297235,-11.973269471472987,0.5587,4.187787146942327,151,0
vv_022,ego,,15.9923642,-21.86624793,11.9056,2.133392559981426,-0.6805551506688587,0.36299735036380554,-0.5756633015320425,-0.3554758111339531,16.355361550363806,-22.441911231532043,2.133392559981426,11.550124188866047,,
vv_022,obstacle_20044,20044,-13.801503,18.76673,6.0,-1.005846,-2.37958219366469,-1.2739636281778228,2.009832851379951,0.12270240104879682,-15.075466628177823,20.77656285137995,-1.005846,6.122702401048797,151,0
vv_022,obstacle_20087,20087,-13.856,-10.595,4.1962,0.5587,-1.9764421887786834,-1.7103560363335806,-0.9904574471230738,0.5951681657275161,-15.56635603633358,-11.585457447123074,0.5587,4.7913681657275164,151,0
vv_023,ego,,15.9923642,-21.86624793,11.9056,2.133392559981426,0.3242445588015799,-0.1729468844190709,0.27426977163140975,-0.15313019546516293,15.81941731558093,-21.59197815836859,2.133392559981426,11.752469804534837,,
vv_023,obstacle_20044,20044,-13.801503,18.76673,6.0,-1.005846,0.5454929488885005,0.2920421840122085,-0.46073193946655167,-0.6680745805584235,-13.509460815987792,18.305998060533447,-1.005846,5.331925419441577,151,0
vv_023,obstacle_20087,20087,-13.856,-10.595,4.1962,0.5587,2.7513552794486724,2.3403425004371456,1.4461002640682583,-0.02477518827993963,-11.515657499562854,-9.148899735931742,0.5587,4.17142481172006,151,0
vv_024,ego,,15.9923642,-21.86624793,11.9056,2.133392559981426,1.1309409090011449,-0.6032259069569292,0.956632548313479,-0.41727000007756143,15.389138293043072,-20.90961538168652,2.133392559981426,11.488329999922438,,
vv_024,obstacle_20044,20044,-13.801503,18.76673,6.0,-1.005846,-0.0800500149710377,-0.04285660221349019,0.06761151191607695,-0.01301020790367069,-13.84435960221349,18.834341511916076,-1.005846,5.986989792096329,151,0
vv_024,obstacle_20087,20087,-13.856,-10.595,4.1962,0.5587,2.626958729849897,2.2349922569941416,1.379950155845366,0.10041927332650558,-11.621007743005858,-9.215049844154635,0.5587,4.296619273326506,151,0
vv_025,ego,,15.9923642,-21.86624793,11.9056,2.133392559981426,-0.10604239577218477,0.056561336217502145,-0.08969841105836451,-0.23302433690810642,16.048925536217503,-21.955946341058365,2.133392559981426,11.672575663091893,,
vv_025,obstacle_20044,20044,-13.801503,18.76673,6.0,-1.005846,-1.0105860159446869,-0.5410402846711158,0.8535569728998489,0.028941363460152858,-14.342543284671116,19.620286972899848,-1.005846,6.028941363460153,151,0
vv_025,obstacle_20087,20087,-13.856,-10.595,4.1962,0.5587,-0.36653123816971966,-0.31718555658629377,-0.18368035073809708,-0.6697430881675374,-14.173185556586294,-10.778680350738098,0.5587,3.526456911832463,151,0
vv_026,ego,,15.9923642,-21.86624793,11.9056,2.133392559981426,1.3051676967774313,-0.6961557212431977,1.1040063018956587,0.3961607718397667,15.296208478756803,-20.76224162810434,2.133392559981426,12.301760771839767,,
vv_026,obstacle_20044,20044,-13.801503,18.76673,6.0,-1.005846,-2.1585054660083354,-1.1556051571737083,1.823107941812932,0.07565060095466913,-14.957108157173709,20.58983794181293,-1.005846,6.075650600954669,151,0
vv_026,obstacle_20087,20087,-13.856,-10.595,4.1962,0.5587,-2.3485455531873387,-2.0323635501732085,-1.1769301658651514,0.24113613025573633,-15.888363550173208,-11.771930165865152,0.5587,4.437336130255736,151,0
vv_027,ego,,15.9923642,-21.86624793,11.9056,2.133392559981426,-0.8750648646439667,0.4667457544771132,-0.7401938381342781,0.15942263469190177,16.459109954477114,-22.606441768134278,2.133392559981426,12.065022634691902,,
vv_027,obstacle_20044,20044,-13.801503,18.76673,6.0,-1.005846,1.3619676857212957,0.7291557960443864,-1.150342471622757,0.37610648868471985,-13.072347203955614,17.616387528377242,-1.005846,6.376106488684719,151,0
vv_027,obstacle_20087,20087,-13.856,-10.595,4.1962,0.5587,-2.3535543242646204,-2.0366979961262857,-1.1794402188495479,0.5824165831926511,-15.892697996126286,-11.774440218849549,0.5587,4.778616583192651,151,0
vv_028,ego,,15.9923642,-21.86624793,11.9056,2.133392559981426,-1.0791440364204767,0.5755983559841411,-0.9128189217639111,-0.4625874438238202,16.567962555984142,-22.77906685176391,2.133392559981426,11.44301255617618,,
vv_028,obstacle_20044,20044,-13.801503,18.76673,6.0,-1.005846,0.32911481634890016,0.1761993362268015,-0.2779754598051447,-0.1807088025925857,-13.625303663773199,18.488754540194854,-1.005846,5.819291197407415,151,0
vv_028,obstacle_20087,20087,-13.856,-10.595,4.1962,0.5587,1.9787384587944787,1.6859974418535923,1.0352854861616638,0.4315520608900225,-12.170002558146408,-9.559714513838337,0.5587,4.627752060890023,151,0
vv_029,ego,,15.9923642,-21.86624793,11.9056,2.133392559981426,-0.7314444287091386,0.3901408861557165,-0.6187091733918848,0.45289939506974497,16.382505086155717,-22.484957103391885,2.133392559981426,12.358499395069744,,
vv_029,obstacle_20044,20044,-13.801503,18.76673,6.0,-1.005846,-1.2544929711592883,-0.6716214389721831,1.059564654658221,0.021079980924400332,-14.473124438972183,19.82629465465822,-1.005846,6.021079980924401,151,0
vv_029,obstacle_20087,20087,-13.856,-10.595,4.1962,0.5587,-1.4642094565943835,-1.267084611308782,-0.7337614875181817,0.6104609980685487,-15.123084611308782,-11.328761487518182,0.5587,4.806660998068549,151,0
vv_030,ego,,15.9923642,-21.86624793,11.9056,2.133392559981426,-1.3415687296719274,0.7155715355665606,-1.134796913073199,-0.455089380607671,16.70793573556656,-23.0010448430732,2.133392559981426,11.450510619392329,,
vv_030,obstacle_20044,20044,-13.801503,18.76673,6.0,-1.005846,-0.38941763998177237,-0.20848361986756814,0.3289083133274211,0.6893257896781719,-14.009986619867568,19.09563831332742,-1.005846,6.689325789678172,151,0
vv_030,obstacle_20087,20087,-13.856,-10.595,4.1962,0.5587,2.350063597529484,2.0004903355453276,1.2327095308071936,0.3480512272397289,-11.855509664454672,-9.362290469192807,0.5587,4.544251227239729,151,0
vv_031,ego,,15.9923642,-21.86624793,11.9056,2.133392559981426,1.5631699635140994,-0.8337700634139811,1.3222434733083297,0.3934466396978632,15.15859413658602,-20.54400445669167,2.133392559981426,12.299046639697863,,
vv_031,obstacle_20044,20044,-13.801503,18.76673,6.0,-1.005846,0.11315016231869457,0.06057762057988647,-0.09556835834979793,-0.2576993274368898,-13.740925379420114,18.6711616416502,-1.005846,5.74230067256311,151,0
vv_031,obstacle_20087,20087,-13.856,-10.595,4.1962,0.5587,1.6320745926659281,1.3924437272864374,0.850886213471215,0.22632576843486552,-12.463556272713562,-9.744113786528786,0.5587,4.422525768434865,151,0
vv_032,ego,,15.9923642,-21.86624793,11.9056,2.133392559981426,-0.5053690845051597,0.2695558742753761,-0.42747811899232957,-0.40553333193848473,16.261920074275377,-22.29372604899233,2.133392559981426,11.500066668061516,,
vv_032,obstacle_20044,20044,-13.801503,18.76673,6.0,-1.005846,1.4807376680941555,0.7927405213974339,-1.2506584295505476,-0.3325552777079894,-13.008762478602566,17.51607157044945,-1.005846,5.667444722292011,151,0
vv_032,obstacle_20087,20087,-13.856,-10.595,4.1962,0.5587,2.6208789032026756,2.2298433237950626,1.3767170749567477,-0.36264119499204134,-11.626156676204937,-9.218282925043253,0.5587,3.833558805007959,151,0
vv_033,ego,,15.9923642,-21.86624793,11.9056,2.133392559981426,-1.508968270354056,0.8048598021530502,-1.2763956830910494,0.33111267212490614,16.79722400215305,-23.14264361309105,2.133392559981426,12.236712672124906,,
vv_033,obstacle_20044,20044,-13.801503,18.76673,6.0,-1.005846,-2.0802941002530355,-1.1137329177748594,1.7570493821780566,-0.4490243685791652,-14.91523591777486,20.523779382178056,-1.005846,5.550975631420835,151,0
vv_033,obstacle_20087,20087,-13.856,-10.595,4.1962,0.5587,0.5962967491250613,0.5154561377502187,0.29975458132523336,0.5243868571724501,-13.340543862249781,-10.295245418674767,0.5587,4.72058685717245,151,0
vv_034,ego,,15.9923642,-21.86624793,11.9056,2.133392559981426,-1.214261337141707,0.6476677865099596,-1.0271110130820595,-0.18967632709990523,16.64003198650996,-22.89335894308206,2.133392559981426,11.715923672900095,,
vv_034,obstacle_20044,20044,-13.801503,18.76673,6.0,-1.005846,1.6644290294470654,0.891080991035107,-1.4058088993131328,0.6605569964853544,-12.910422008964893,17.360921100686866,-1.005846,6.660556996485354,151,0
vv_034,obstacle_20087,20087,-13.856,-10.595,4.1962,0.5587,0.004447117214053886,0.0038730264728297215,0.002187774465017611,-0.4985434964282489,-13.85212697352717,-10.592812225534983,0.5587,3.6976565035717512,151,0
vv_035,ego,,15.9923642,-21.86624793,11.9056,2.133392559981426,-1.9442548491671938,1.0370347766614394,-1.6445928950670137,-0.27034397000114474,17.02939897666144,-23.510840825067014,2.133392559981426,11.635256029998855,,
vv_035,obstacle_20044,20044,-13.801503,18.76673,6.0,-1.005846,-2.2090666932808736,-1.1826742639743628,1.8658127560651927,0.24872214305800044,-14.984177263974363,20.63254275606519,-1.005846,6.248722143058,151,0
vv_035,obstacle_20087,20087,-13.856,-10.595,4.1962,0.5587,-2.2690049722288133,-1.9635314266998876,-1.1370698748805985,0.008861904268886223,-15.819531426699887,-11.7320698748806,0.5587,4.205061904268886,151,0
vv_036,ego,,15.9923642,-21.86624793,11.9056,2.133392559981426,0.7770497425715459,-0.414465969255156,0.6572855205246633,0.08111660922090236,15.577898230744845,-21.208962409475337,2.133392559981426,11.986716609220903,,
vv_036,obstacle_20044,20044,-13.801503,18.76673,6.0,-1.005846,-1.8013460900396543,-0.9643917350619677,1.5214454697574027,0.42577433665516784,-14.765894735061968,20.2881754697574,-1.005846,6.425774336655168,151,0
vv_036,obstacle_20087,20087,-13.856,-10.595,4.1962,0.5587,1.2924427776948102,1.1046981874348347,0.6704703059738133,0.3345776054817584,-12.751301812565165,-9.924529694026187,0.5587,4.530777605481759,151,0
vv_037,ego,,15.9923642,-21.86624793,11.9056,2.133392559981426,-1.475768993770747,0.7871518332663392,-1.2483133077719586,-0.3762461963496554,16.77951603326634,-23.11456123777196,2.133392559981426,11.529353803650345,,
vv_037,obstacle_20044,20044,-13.801503,18.76673,6.0,-1.005846,2.565375306039046,1.3733959496980628,-2.1667796437722693,-0.14339052864508306,-12.428107050301938,16.59995035622773,-1.005846,5.856609471354917,151,0
vv_037,obstacle_20087,20087,-13.856,-10.595,4.1962,0.5587,-1.1943078493143615,-1.033519548870613,-0.5985052890628264,-0.0159823365078533,-14.889519548870613,-11.193505289062827,0.5587,4.180217663492147,151,0
vv_038,ego,,15.9923642,-21.86624793,11.9056,2.133392559981426,0.6514568510543297,-0.3474767161038663,0.5510498663211969,0.45562325704696993,15.644887483896134,-21.315198063678803,2.133392559981426,12.36122325704697,,
vv_038,obstacle_20044,20044,-13.801503,18.76673,6.0,-1.005846,-1.28132263870767,-0.6859853137329459,1.0822254172802914,0.5947318010368379,-14.487488313732946,19.84895541728029,-1.005846,6.594731801036838,151,0
vv_038,obstacle_20087,20087,-13.856,-10.595,4.1962,0.5587,-2.850843051682462,-2.467037310662638,-1.4286472668663261,0.07727725925755458,-16.323037310662638,-12.023647266866327,0.5587,4.273477259257555,151,0
vv_039,ego,,15.9923642,-21.86624793,11.9056,2.133392559981426,0.5359004467243405,-0.28584076722518326,0.45330380630657885,-0.3941025962492467,15.706523432774818,-21.41294412369342,2.133392559981426,11.511497403750752,,
vv_039,obstacle_20044,20044,-13.801503,18.76673,6.0,-1.005846,-2.157962417616524,-1.155314423825077,1.8226492745306437,-0.1132399529571746,-14.956817423825077,20.589379274530643,-1.005846,5.886760047042825,151,0
vv_039,obstacle_20087,20087,-13.856,-10.595,4.1962,0.5587,2.79739147285909,2.3793302419610907,1.47058061351472,0.13445957452812196,-11.47666975803891,-9.12441938648528,0.5587,4.330659574528122,151,0
vv_040,ego,,15.9923642,-21.86624793,11.9056,2.133392559981426,1.732092886400845,-0.9238708965134794,1.465130821143049,0.30436091561297074,15.068493303486521,-20.40111710885695,2.133392559981426,12.209960915612971,,
vv_040,obstacle_20044,20044,-13.801503,18.76673,6.0,-1.005846,-0.1957103906682507,-0.10477802365122102,0.16530009913869748,0.39866882895306244,-13.906281023651221,18.932030099138696,-1.005846,6.398668828953062,151,0
vv_040,obstacle_20087,20087,-13.856,-10.595,4.1962,0.5587,-2.8929792961380736,-2.503500800696523,-1.4497630664337535,-0.5471984045279711,-16.359500800696523,-12.044763066433754,0.5587,3.649001595472029,151,0
vv_041,ego,,15.9923642,-21.86624793,11.9056,2.133392559981426,1.3177144595309453,-0.7028479663795206,1.1146192709088716,0.29681708832516174,15.28951623362048,-20.75162865909113,2.133392559981426,12.202417088325161,,
vv_041,obstacle_20044,20044,-13.801503,18.76673,6.0,-1.005846,-1.6041555482013978,-0.8588212787056211,1.3548952114712662,0.04307742683867488,-14.660324278705621,20.121625211471265,-1.005846,6.043077426838675,151,0
vv_041,obstacle_20087,20087,-13.856,-10.595,4.1962,0.5587,0.6360949242000657,0.5493147752173719,0.3206628436069714,0.5148345352864157,-13.306685224782628,-10.27433715639303,0.5587,4.711034535286416,151,0
vv_042,ego,,15.9923642,-21.86624793,11.9056,2.133392559981426,0.41242862935490265,-0.21998286412439683,0.34886231022296244,-0.08742843072631967,15.772381335875604,-21.517385619777038,2.133392559981426,11.81817156927368,,
vv_042,obstacle_20044,20044,-13.801503,18.76673,6.0,-1.005846,-0.754895739556904,-0.4041506604908687,0.6375969112424862,-0.10376507907708621,-14.205653660490869,19.404326911242485,-1.005846,5.896234920922914,151,0
vv_042,obstacle_20087,20087,-13.856,-10.595,4.1962,0.5587,0.9115861534798451,0.7823572382482951,0.4676058543445496,0.5144868844532549,-13.073642761751705,-10.127394145655451,0.5587,4.710686884453255,151,0
vv_043,ego,,15.9923642,-21.86624793,11.9056,2.133392559981426,-0.18441247169480102,0.09836269482856963,-0.15598955087648392,-0.2521604370486419,16.09072689482857,-22.022237480876484,2.133392559981426,11.653439562951357,,
vv_043,obstacle_20044,20044,-13.801503,18.76673,6.0,-1.005846,-1.5800258220145131,-0.8459028791639618,1.3345148621333358,0.3444199923408249,-14.647405879163962,20.101244862133335,-1.005846,6.344419992340825,151,0
vv_043,obstacle_20087,20087,-13.856,-10.595,4.1962,0.5587,1.899412580543462,1.6188172572212007,0.9931021884094378,-0.552610688204225,-12.2371827427788,-9.601897811590563,0.5587,3.6435893117957754,151,0
vv_044,ego,,15.9923642,-21.86624793,11.9056,2.133392559981426,-1.7337645721792874,0.9247625930641803,-1.4665448299364172,0.09443366375645179,16.91712679306418,-23.332792759936417,2.133392559981426,12.00003366375645,,
vv_044,obstacle_20044,20044,-13.801503,18.76673,6.0,-1.005846,-2.12296053484381,-1.1365753671583647,1.793086129351611,0.45452986663887773,-14.938078367158365,20.55981612935161,-1.005846,6.454529866638878,151,0
vv_044,obstacle_20087,20087,-13.856,-10.595,4.1962,0.5587,-1.1379919564555534,-0.9847854002881569,-0.5702836209613888,-0.49857929384040023,-14.840785400288157,-11.16528362096139,0.5587,3.6976207061596,151,0
vv_045,ego,,15.9923642,-21.86624793,11.9056,2.133392559981426,1.683881889949801,-0.8981559076888512,1.4243504390003672,-0.33446827726472184,15.09420829231115,-20.441897490999633,2.133392559981426,11.571131722735277,,
vv_045,obstacle_20044,20044,-13.801503,18.76673,6.0,-1.005846,-1.2916795059723867,-0.6915300989613122,1.0909729915903625,-0.4849412467311179,-14.493033098961313,19.85770299159036,-1.005846,5.515058753268882,151,0
vv_045,obstacle_20087,20087,-13.856,-10.595,4.1962,0.5587,-2.3070596180078704,-1.9964628190210405,-1.1561402567635053,-0.6703927771289839,-15.85246281902104,-11.751140256763506,0.5587,3.5258072228710162,151,0
vv_046,ego,,15.9923642,-21.86624793,11.9056,2.133392559981426,-1.7784183633429596,0.9485802188071979,-1.5043162711222458,-0.3253585290641473,16.9409444188072,-23.370564201122246,2.133392559981426,11.580241470935853,,
vv_046,obstacle_20044,20044,-13.801503,18.76673,6.0,-1.005846,-2.6797084042369477,-1.4346430437281015,2.2633242076248585,0.1276013425553597,-15.236146043728102,21.030054207624858,-1.005846,6.1276013425553595,151,0
vv_046,obstacle_20087,20087,-13.856,-10.595,4.1962,0.5587,1.0842871607970386,0.9283451033812185,0.5598922939792779,-0.14891736043516046,-12.927654896618781,-10.035107706020723,0.5587,4.047282639564839,151,0
vv_047,ego,,15.9923642,-21.86624793,11.9056,2.133392559981426,-0.7280356121918024,0.38832267735595494,-0.6158257471644042,0.004526237022230095,16.380686877355956,-22.482073677164404,2.133392559981426,11.91012623702223,,
vv_047,obstacle_20044,20044,-13.801503,18.76673,6.0,-1.005846,2.250029653407651,1.2045805804671712,-1.9004260221527929,0.49158427755108836,-12.596922419532829,16.866303977847206,-1.005846,6.491584277551088,151,0
vv_047,obstacle_20087,20087,-13.856,-10.595,4.1962,0.5587,-2.7391496279232483,-2.3703810448583855,-1.372674173403194,-0.4459022265648663,-16.226381044858385,-11.967674173403195,0.5587,3.750297773435134,151,0
vv_048,ego,,15.9923642,-21.86624793,11.9056,2.133392559981426,-1.053020515582416,0.5616644832670374,-0.8907217379596339,-0.2506124241677882,16.55402868326704,-22.756969667959634,2.133392559981426,11.654987575832212,,
vv_048,obstacle_20044,20044,-13.801503,18.76673,6.0,-1.005846,0.42739591045663605,0.22881634490725133,-0.36098524149700495,-0.11723260401553082,-13.572686655092749,18.405744758502994,-1.005846,5.8827673959844695,151,0
vv_048,obstacle_20087,20087,-13.856,-10.595,4.1962,0.5587,-2.704475280434436,-2.3403748651329526,-1.3552977654872862,-0.17694020615659978,-16.196374865132952,-11.950297765487287,0.5587,4.019259793843401,151,0
vv_049,ego,,15.9923642,-21.86624793,11.9056,2.133392559981426,0.0950117948705489,-0.050677778181848154,0.08036792790271008,-0.39832809709628403,15.941686421818153,-21.78588000209729,2.133392559981426,11.507271902903716,,
vv_049,obstacle_20044,20044,-13.801503,18.76673,6.0,-1.005846,2.0007513227313583,1.0711313091669776,-1.6898767924321412,-0.627253386948854,-12.730371690833023,17.076853207567858,-1.005846,5.372746613051146,151,0
vv_049,obstacle_20087,20087,-13.856,-10.595,4.1962,0.5587,2.5490512141083723,2.16901326973956,1.3385211806948032,-0.5612416017881743,-11.68698673026044,-9.256478819305197,0.5587,3.634958398211826,151,0
vv_050,ego,,15.9923642,-21.86624793,11.9056,2.133392559981426,1.374299806391011,-0.7330296973120021,1.1624832930287354,0.4026531439276171,15.259334502687999,-20.703764636971265,2.133392559981426,12.308253143927617,,
vv_050,obstacle_20044,20044,-13.801503,18.76673,6.0,-1.005846,2.877424083519556,1.5404432271891118,-2.430350595535291,0.42283623238303103,-12.261059772810889,16.336379404464708,-1.005846,6.422836232383031,151,0
vv_050,obstacle_20087,20087,-13.856,-10.595,4.1962,0.5587,1.6768652446279733,1.4303710417689128,0.8747135704697886,0.19947658639376675,-12.425628958231087,-9.720286429530212,0.5587,4.395676586393767,151,0
vv_051,ego,,15.9923642,-21.86624793,11.9056,2.133392559981426,1.115985418312516,-0.5952488849175346,0.9439821008529563,-0.3654477915868529,15.397115315082466,-20.922265829147044,2.133392559981426,11.540152208413147,,
vv_051,obstacle_20044,20044,-13.801503,18.76673,6.0,-1.005846,0.2164082156858238,0.11585924764386668,-0.18278170190660958,0.01991201826658029,-13.685643752356134,18.58394829809339,-1.005846,6.01991201826658,151,0
vv_051,obstacle_20087,20087,-13.856,-10.595,4.1962,0.5587,2.145432864735345,1.8271790562741632,1.1239123057798697,-0.052080888169077744,-12.028820943725837,-9.471087694220131,0.5587,4.144119111830922,151,0
vv_052,ego,,15.9923642,-21.86624793,11.9056,2.133392559981426,-0.4596420155985861,0.2451657791645303,-0.3887988210246789,0.1395632712371101,16.23752997916453,-22.25504675102468,2.133392559981426,12.04516327123711,,
vv_052,obstacle_20044,20044,-13.801503,18.76673,6.0,-1.005846,-1.4012200949949236,-0.7501751529524796,1.1834927099523291,-0.5043242246644604,-14.55167815295248,19.950222709952328,-1.005846,5.49567577533554,151,0
vv_052,obstacle_20087,20087,-13.856,-10.595,4.1962,0.5587,-0.1327363558575252,-0.11486621201004077,-0.06651836967935942,-0.11635488396716098,-13.97086621201004,-10.66151836967936,0.5587,4.079845116032839,151,0
vv_053,ego,,15.9923642,-21.86624793,11.9056,2.133392559981426,-1.0697202378845052,0.5705718509381406,-0.9048475839923036,-0.132488189884872,16.56293605093814,-22.771095513992304,2.133392559981426,11.773111810115127,,
vv_053,obstacle_20044,20044,-13.801503,18.76673,6.0,-1.005846,-0.8016453010425155,-0.4291791050323077,0.6770823321334056,-0.24150620982243637,-14.230682105032308,19.443812332133405,-1.005846,5.758493790177564,151,0
vv_053,obstacle_20087,20087,-13.856,-10.595,4.1962,0.5587,-0.7232155216384264,-0.6258498427261276,-0.3624260822546077,0.26004068363832356,-14.481849842726128,-10.957426082254608,0.5587,4.456240683638324,151,0
vv_054,ego,,15.9923642,-21.86624793,11.9056,2.133392559981426,-0.8124941017148588,0.4333714994572446,-0.6872669123270931,0.4488579267153404,16.425735699457245,-22.553514842327093,2.133392559981426,12.354457926715341,,
vv_054,obstacle_20044,20044,-13.801503,18.76673,6.0,-1.005846,2.4980881172290674,1.337375052854835,-2.109946020195615,-0.02672540037989002,-12.464127947145165,16.656783979804384,-1.005846,5.97327459962011,151,0
vv_054,obstacle_20087,20087,-13.856,-10.595,4.1962,0.5587,-1.0298327699718672,-0.8911875614352969,-0.5160816451405132,0.04960870576200438,-14.747187561435297,-11.111081645140514,0.5587,4.245808705762005,151,0
vv_055,ego,,15.9923642,-21.86624793,11.9056,2.133392559981426,1.3942419550944982,-0.7436665248498002,1.179351819855583,0.15258734056010204,15.2486976751502,-20.686896110144417,2.133392559981426,12.058187340560101,,
vv_055,obstacle_20044,20044,-13.801503,18.76673,6.0,-1.005846,1.8263509676824645,0.9777663686422589,-1.5425727812088468,0.045811186492036304,-12.823736631357741,17.224157218791152,-1.005846,6.0458111864920365,151,0
vv_055,obstacle_20087,20087,-13.856,-10.595,4.1962,0.5587,0.7975057756057247,0.6860260769740343,0.40647310843179163,-0.2965821401445536,-13.169973923025966,-10.188526891568209,0.5587,3.8996178598554465,151,0
vv_056,ego,,15.9923642,-21.86624793,11.9056,2.133392559981426,0.9395726492411631,-0.5011531087467542,0.7947592811924586,-0.29759540687428165,15.491211091253247,-21.07148864880754,2.133392559981426,11.608004593125719,,
vv_056,obstacle_20044,20044,-13.801503,18.76673,6.0,-1.005846,1.1687887729109896,0.6257349658516098,-0.987179288772829,0.5050066956562516,-13.17576803414839,17.77955071122717,-1.005846,6.505006695656252,151,0
vv_056,obstacle_20087,20087,-13.856,-10.595,4.1962,0.5587,-2.207382976190736,-1.9102055295433527,-1.1061891513112343,0.1601316367586877,-15.766205529543353,-11.701189151311235,0.5587,4.3563316367586875,151,0
vv_057,ego,,15.9923642,-21.86624793,11.9056,2.133392559981426,-1.6196170070802616,0.8638780877589127,-1.3699904740959425,0.22571562827142688,16.856242287758914,-23.236238404095943,2.133392559981426,12.131315628271427,,
vv_057,obstacle_20044,20044,-13.801503,18.76673,6.0,-1.005846,-2.493040687058879,-1.3347062216788466,2.1056616938964297,0.6103157517808764,-15.136209221678847,20.87239169389643,-1.005846,6.610315751780877,151,0
vv_057,obstacle_20087,20087,-13.856,-10.595,4.1962,0.5587,-2.175552419773187,-1.882660284548228,-1.090237856692637,0.6424323442727125,-15.738660284548228,-11.685237856692638,0.5587,4.838632344272712,151,0
vv_058,ego,,15.9923642,-21.86624793,11.9056,2.133392559981426,1.2035367043403866,-0.6419473558294353,1.0180393793651419,0.09368200446635411,15.350416844170566,-20.84820855063486,2.133392559981426,11.999282004466354,,
vv_058,obstacle_20044,20044,-13.801503,18.76673,6.0,-1.005846,1.6957446277772812,0.9078459397524963,-1.4322589124188099,0.41316077457632017,-12.893657060247504,17.33447108758119,-1.005846,6.41316077457632,151,0
vv_058,obstacle_20087,20087,-13.856,-10.595,4.1962,0.5587,2.6761623769039815,2.2766622781880095,1.4061152109081885,-0.3452633046251379,-11.57933772181199,-9.188884789091812,0.5587,3.8509366953748625,151,0
vv_059,ego,,15.9923642,-21.86624793,11.9056,2.133392559981426,0.3603035814332367,-0.192180193124889,0.30477113115133037,-0.4049508024355988,15.800184006875112,-21.56147679884867,2.133392559981426,11.500649197564401,,
vv_059,obstacle_20044,20044,-13.801503,18.76673,6.0,-1.005846,0.6969942001447276,0.3731515297331125,-0.5886924926417656,-0.4601921742700956,-13.428351470266888,18.178037507358233,-1.005846,5.539807825729905,151,0
vv_059,obstacle_20087,20087,-13.856,-10.595,4.1962,0.5587,0.38970366883465113,0.3383162517766234,0.19350569591286693,0.10140271964738956,-13.517683748223376,-10.401494304087134,0.5587,4.29760271964739,151,0
vv_060,ego,,15.9923642,-21.86624793,11.9056,2.133392559981426,-0.13605938807509066,0.07257192501568355,-0.11508897767764736,0.022631775513122787,16.064936125015684,-21.981336907677647,2.133392559981426,11.928231775513122,,
vv_060,obstacle_20044,20044,-13.801503,18.76673,6.0,-1.005846,1.5835403400395274,0.847776752433834,-1.3374881631249025,0.41894260311689324,-12.953726247566166,17.429241836875097,-1.005846,6.418942603116893,151,0
vv_060,obstacle_20087,20087,-13.856,-10.595,4.1962,0.5587,-0.047080706547425244,-0.040742284846691845,-0.023593625293198528,0.13943081813165725,-13.896742284846692,-10.6185936252932,0.5587,4.335630818131658,151,0
vv_061,ego,,15.9923642,-21.86624793,11.9056,2.133392559981426,1.7249449427604073,-0.9200582955243313,1.4590845683462064,-0.3802664114988772,15.07230590447567,-20.407163361653794,2.133392559981426,11.525333588501123,,
vv_061,obstacle_20044,20044,-13.801503,18.76673,6.0,-1.005846,-2.297378604599337,-1.2299540609295256,1.940402396636781,-0.5772073833249242,-15.031457060929526,20.70713239663678,-1.005846,5.422792616675076,151,0
vv_061,obstacle_20087,20087,-13.856,-10.595,4.1962,0.5587,0.9471797102431667,0.8124133108311522,0.4866789528472104,-0.11394837889346876,-13.043586689168848,-10.10832104715279,0.5587,4.082251621106531,151,0
vv_062,ego,,15.9923642,-21.86624793,11.9056,2.133392559981426,1.097285664567373,-0.5852747322782541,0.9281644819154167,0.1712314133085926,15.407089467721747,-20.938083448084583,2.133392559981426,12.076831413308593,,
vv_062,obstacle_20044,20044,-13.801503,18.76673,6.0,-1.005846,-0.998173450030571,-0.5343949342608454,0.8430731229153743,0.5577131663061501,-14.335897934260846,19.609803122915373,-1.005846,6.55771316630615,151,0
vv_062,obstacle_20087,20087,-13.856,-10.595,4.1962,0.5587,1.5751928824239139,1.3442741823725122,0.8206332239697289,-0.321251082725754,-12.511725817627488,-9.774366776030272,0.5587,3.874948917274246,151,0
vv_063,ego,,15.9923642,-21.86624793,11.9056,2.133392559981426,-0.543231928911784,0.2897513164571528,-0.45950528092783216,-0.1855600197957371,16.282115516457154,-22.325753210927832,2.133392559981426,11.720039980204263,,
vv_063,obstacle_20044,20044,-13.801503,18.76673,6.0,-1.005846,-2.054330108250002,-1.0998325021715534,1.7351197828477218,-0.49310327844093166,-14.901335502171554,20.50184978284772,-1.005846,5.506896721559069,151,0
vv_063,obstacle_20087,20087,-13.856,-10.595,4.1962,0.5587,2.6167647802544645,2.2263591219519476,1.37452929970914,-0.08693434792174548,-11.629640878048052,-9.22047070029086,0.5587,4.109265652078255,151,0
vv_064,ego,,15.9923642,-21.86624793,11.9056,2.133392559981426,-0.46672070889036066,0.24894144217498138,-0.39478649733110416,0.22968570867737792,16.241305642174982,-22.261034427331104,2.133392559981426,12.135285708677378,,
vv_064,obstacle_20044,20044,-13.801503,18.76673,6.0,-1.005846,0.3179583915173998,0.17022648831592058,-0.26855256731640154,0.6105959815738471,-13.63127651168408,18.498177432683597,-1.005846,6.610595981573847,151,0
vv_064,obstacle_20087,20087,-13.856,-10.595,4.1962,0.5587,1.6818089634563531,1.434557117944383,0.8773436698919959,-0.028882610225643535,-12.421442882055617,-9.717656330108005,0.5587,4.1673173897743565,151,0
vv_065,ego,,15.9923642,-21.86624793,11.9056,2.133392559981426,-0.49456210607669515,0.2637916029578875,-0.4183367865439571,0.48663154492432203,16.25615580295789,-22.284584716543957,2.133392559981426,12.392231544924321,,
vv_065,obstacle_20044,20044,-13.801503,18.76673,6.0,-1.005846,1.3065614160218608,0.6994933941975301,-1.103545071708151,0.6316725240053775,-13.10200960580247,17.663184928291848,-1.005846,6.631672524005378,151,0
vv_065,obstacle_20087,20087,-13.856,-10.595,4.1962,0.5587,-2.289128536697752,-1.9809457786892395,-1.1471544270137617,0.4907471508670955,-15.83694577868924,-11.742154427013762,0.5587,4.686947150867096,151,0
vv_066,ego,,15.9923642,-21.86624793,11.9056,2.133392559981426,0.5482955359648303,-0.2924521107021665,0.46378847954950686,-0.3780783216648874,15.699912089297834,-21.402459450450493,2.133392559981426,11.527521678335113,,
vv_066,obstacle_20044,20044,-13.801503,18.76673,6.0,-1.005846,0.5295479998153239,0.28350571206864217,-0.44726456972697193,0.2605349111476283,-13.517997287931358,18.319465430273027,-1.005846,6.260534911147628,151,0
vv_066,obstacle_20087,20087,-13.856,-10.595,4.1962,0.5587,-2.926183884668383,-2.5322350934318383,-1.4664029318319045,-0.06395485342155482,-16.388235093431838,-12.061402931831905,0.5587,4.1322451465784455,151,0
vv_067,ego,,15.9923642,-21.86624793,11.9056,2.133392559981426,1.3015980447852846,-0.6942517252422196,1.1009868293220428,-0.20464097465591014,15.298112474757781,-20.765261100677957,2.133392559981426,11.70095902534409,,
vv_067,obstacle_20044,20044,-13.801503,18.76673,6.0,-1.005846,-0.24871150920869312,-0.13315338191916837,0.2100656842427,-0.08076022210494949,-13.934656381919169,18.9767956842427,-1.005846,5.919239777895051,151,0
vv_067,obstacle_20087,20087,-13.856,-10.595,4.1962,0.5587,-1.1884356513450505,-1.028437918200929,-0.5955625456612204,0.5858186537217758,-14.884437918200929,-11.190562545661221,0.5587,4.782018653721776,151,0
vv_068,ego,,15.9923642,-21.86624793,11.9056,2.133392559981426,1.1251761417260635,-0.6001510713240918,0.9517562866772096,-0.3894115890038895,15.392213128675909,-20.91449164332279,2.133392559981426,11.51618841099611,,
vv_068,obstacle_20044,20044,-13.801503,18.76673,6.0,-1.005846,2.9822079470254383,1.5965357549818062,-2.5188564505815414,0.5308800340308433,-12.204967245018194,16.247873549418458,-1.005846,6.530880034030844,151,0
vv_068,obstacle_20087,20087,-13.856,-10.595,4.1962,0.5587,-1.2965493728157662,-1.12199641294354,-0.6497417375317553,0.4716552115253134,-14.97799641294354,-11.244741737531756,0.5587,4.667855211525314,151,0
vv_069,ego,,15.9923642,-21.86624793,11.9056,2.133392559981426,-1.5743218725144685,0.8397183795918437,-1.3316765377722604,0.49910473047423864,16.832082579591845,-23.19792446777226,2.133392559981426,12.404704730474238,,
vv_069,obstacle_20044,20044,-13.801503,18.76673,6.0,-1.005846,0.9941084166392216,0.5322171137334895,-0.8396406897460444,0.21017502178231573,-13.26928588626651,17.927089310253955,-1.005846,6.210175021782316,151,0
vv_069,obstacle_20087,20087,-13.856,-10.595,4.1962,0.5587,-2.4573556380952035,-2.1265246577394947,-1.231458327392449,0.5558467584552753,-15.982524657739495,-11.82645832739245,0.5587,4.7520467584552755,151,0
vv_070,ego,,15.9923642,-21.86624793,11.9056,2.133392559981426,-1.8840019871821223,1.0048968533338147,-1.5936266193390445,-0.25917194195885296,16.997261053333816,-23.459874549339045,2.133392559981426,11.646428058041147,,
vv_070,obstacle_20044,20044,-13.801503,18.76673,6.0,-1.005846,-2.14186874900019,-1.1466983110823676,1.8090563068363785,0.38747511696910597,-14.948201311082368,20.575786306836378,-1.005846,6.387475116969106,151,0
vv_070,obstacle_20087,20087,-13.856,-10.595,4.1962,0.5587,-1.8107746367226127,-1.5669921174229025,-0.9074362175560307,0.5748935179832393,-15.422992117422902,-11.502436217556031,0.5587,4.771093517983239,151,0
vv_071,ego,,15.9923642,-21.86624793,11.9056,2.133392559981426,0.6250761573099606,-0.33340567336529325,0.5287351458024077,-0.4638372895053038,15.658958526634708,-21.337512784197592,2.133392559981426,11.441762710494697,,
vv_071,obstacle_20044,20044,-13.801503,18.76673,6.0,-1.005846,-2.9674209952277972,-1.5886765447632811,2.506330823941191,-0.6276789161798415,-15.390179544763281,21.27306082394119,-1.005846,5.372321083820158,151,0
vv_071,obstacle_20087,20087,-13.856,-10.595,4.1962,0.5587,0.6355510658863661,0.5488525884231095,0.3203762859229169,0.4220745352031814,-13.30714741157689,-10.274623714077084,0.5587,4.618274535203182,151,0
vv_072,ego,,15.9923642,-21.86624793,11.9056,2.133392559981426,-1.045788717490446,0.55780715657842,-0.8846045544197771,0.34940884292307295,16.55017135657842,-22.750852484419777,2.133392559981426,12.255008842923072,,
vv_072,obstacle_20044,20044,-13.801503,18.76673,6.0,-1.005846,-2.6566083590804377,-1.4222759074228257,2.243813543211786,0.4213493950983467,-15.223778907422826,21.010543543211785,-1.005846,6.421349395098346,151,0
vv_072,obstacle_20087,20087,-13.856,-10.595,4.1962,0.5587,2.566772581033682,2.1840213087351543,1.3479448694595266,0.38095175874613285,-11.671978691264846,-9.247055130540474,0.5587,4.577151758746133,151,0
vv_073,ego,,15.9923642,-21.86624793,11.9056,2.133392559981426,0.7924831359145488,-0.42269789621539644,0.6703402134273659,0.3379802186553831,15.569666303784604,-21.195907716572634,2.133392559981426,12.243580218655383,,
vv_073,obstacle_20044,20044,-13.801503,18.76673,6.0,-1.005846,-2.7590922027176017,-1.4771429717407596,2.330373022529642,-0.4175050449933224,-15.27864597174076,21.09710302252964,-1.005846,5.582494955006678,151,0
vv_073,obstacle_20087,20087,-13.856,-10.595,4.1962,0.5587,-2.2504579241661418,-1.9474813465152696,-1.1277753647855793,0.006343386270181162,-15.80348134651527,-11.72277536478558,0.5587,4.2025433862701815,151,0
vv_074,ego,,15.9923642,-21.86624793,11.9056,2.133392559981426,0.980752513315378,-0.5231177953971287,0.8295922216096194,0.1300118445763987,15.469246404602872,-21.03665570839038,2.133392559981426,12.035611844576398,,
vv_074,obstacle_20044,20044,-13.801503,18.76673,6.0,-1.005846,2.1067865985716097,1.1278967061063074,-1.7794377740767509,-0.48270181058247275,-12.673606293893693,16.987292225923248,-1.005846,5.517298189417527,151,0
vv_074,obstacle_20087,20087,-13.856,-10.595,4.1962,0.5587,1.4077265516109696,1.202410294535495,0.7316431273455635,-0.42974191278353424,-12.653589705464505,-9.863356872654437,0.5587,3.766458087216466,151,0
vv_075,ego,,15.9923642,-21.86624793,11.9056,2.133392559981426,-0.916964994728799,0.4890946209661031,-0.775636031460639,0.2099046972813039,16.481458820966104,-22.64188396146064,2.133392559981426,12.115504697281304,,
vv_075,obstacle_20044,20044,-13.801503,18.76673,6.0,-1.005846,2.881228709392091,1.5424799136733842,-2.4335641739449905,0.15616104836789746,-12.259023086326616,16.33316582605501,-1.005846,6.156161048367897,151,0
vv_075,obstacle_20087,20087,-13.856,-10.595,4.1962,0.5587,-2.6729981100522267,-2.3131354302152136,-1.3395235637441605,0.1628325578985459,-16.169135430215213,-11.934523563744161,0.5587,4.359032557898546,151,0
vv_076,ego,,15.9923642,-21.86624793,11.9056,2.133392559981426,-1.8305977936793316,0.9764119014224555,-1.5484534481166108,0.3841457113668172,16.968776101422456,-23.41470137811661,2.133392559981426,12.289745711366816,,
vv_076,obstacle_20044,20044,-13.801503,18.76673,6.0,-1.005846,1.2574697106037238,0.6732115261198821,-1.0620811240997021,-0.45762101500849545,-13.128291473880118,17.704648875900297,-1.005846,5.542378984991505,151,0
vv_076,obstacle_20087,20087,-13.856,-10.595,4.1962,0.5587,-2.449673965054812,-2.1198771595589925,-1.2276087990265712,-0.4430534795675534,-15.975877159558992,-11.822608799026572,0.5587,3.7531465204324466,151,0
vv_077,ego,,15.9923642,-21.86624793,11.9056,2.133392559981426,1.92010871821677,-1.0241555965218065,1.6241683409648324,-0.04143935754151018,14.968208603478194,-20.242079589035168,2.133392559981426,11.86416064245849,,
vv_077,obstacle_20044,20044,-13.801503,18.76673,6.0,-1.005846,1.7044856900484477,0.912525503041735,-1.439641856076392,0.19097167895088762,-12.888977496958265,17.327088143923607,-1.005846,6.190971678950888,151,0
vv_077,obstacle_20087,20087,-13.856,-10.595,4.1962,0.5587,0.4344788997518241,0.3768948128732159,0.2162235443596945,-0.4968176434689304,-13.479105187126784,-10.378776455640306,0.5587,3.6993823565310695,151,0
vv_078,ego,,15.9923642,-21.86624793,11.9056,2.133392559981426,1.7840978142323802,-0.9516095095066426,1.5091203871619392,-0.19865736748528207,15.040754690493358,-20.35712754283806,2.133392559981426,11.706942632514718,,
vv_078,obstacle_20044,20044,-13.801503,18.76673,6.0,-1.005846,0.46810329484525326,0.25060994721140517,-0.3953673595581222,0.2796863224246925,-13.550893052788595,18.371362640441877,-1.005846,6.279686322424692,151,0
vv_078,obstacle_20087,20087,-13.856,-10.595,4.1962,0.5587,0.8953989314718536,0.7686908756427062,0.45892761301780816,0.6168321735737259,-13.087309124357294,-10.136072386982192,0.5587,4.813032173573726,151,0
vv_079,ego,,15.9923642,-21.86624793,11.9056,2.133392559981426,-1.406244040319768,0.7500683230437382,-1.1895040192034756,0.008352738446942065,16.74243252304374,-23.055751949203476,2.133392559981426,11.913952738446941,,
vv_079,obstacle_20044,20044,-13.801503,18.76673,6.0,-1.005846,-0.5757936555554042,-0.30826427280641333,0.4863244512555269,-0.03616377872433463,-14.109767272806414,19.253054451255526,-1.005846,5.963836221275665,151,0
vv_079,obstacle_20087,20087,-13.856,-10.595,4.1962,0.5587,-2.2846948428135323,-1.9771089879441401,-1.1449325633281848,-0.5122675461781285,-15.83310898794414,-11.739932563328185,0.5587,3.6839324538218716,151,0
vv_080,ego,,15.9923642,-21.86624793,11.9056,2.133392559981426,-0.8876978168749705,0.47348397133231046,-0.7508797127210016,-0.1952953962391687,16.46584817133231,-22.617127642721,2.133392559981426,11.71030460376083,,
vv_080,obstacle_20044,20044,-13.801503,18.76673,6.0,-1.005846,-0.43258071791190034,-0.23159195859593318,0.3653645333401627,0.15538256585127963,-14.033094958595933,19.13209453334016,-1.005846,6.15538256585128,151,0
vv_080,obstacle_20087,20087,-13.856,-10.595,4.1962,0.5587,0.807774704509578,0.6947017176940911,0.41196866110956876,-0.12346474478020164,-13.161298282305909,-10.183031338890432,0.5587,4.072735255219799,151,0
vv_081,ego,,15.9923642,-21.86624793,11.9056,2.133392559981426,-0.36486756228521156,0.1946145851854375,-0.3086316594924341,-0.282371473303038,16.18697878518544,-22.174879589492434,2.133392559981426,11.623228526696963,,
vv_081,obstacle_20044,20044,-13.801503,18.76673,6.0,-1.005846,0.5298374904540495,0.28366069713612596,-0.4475090783337059,-0.256142724155867,-13.517842302863874,18.319220921666293,-1.005846,5.743857275844133,151,0
vv_081,obstacle_20087,20087,-13.856,-10.595,4.1962,0.5587,-2.783640994335818,-2.4088825894724923,-1.3949701987796015,-0.11423993818039546,-16.264882589472492,-11.989970198779602,0.5587,4.081960061819605,151,0
vv_082,ego,,15.9923642,-21.86624793,11.9056,2.133392559981426,-0.10346929963931872,0.055188887448956336,-0.08752189823122691,-0.274407131795789,16.047553087448957,-21.953769828231227,2.133392559981426,11.631192868204211,,
vv_082,obstacle_20044,20044,-13.801503,18.76673,6.0,-1.005846,0.4347475987326943,0.23275223532307443,-0.3671945963059109,0.09208066060468934,-13.568750764676926,18.399535403694088,-1.005846,6.092080660604689,151,0
vv_082,obstacle_20087,20087,-13.856,-10.595,4.1962,0.5587,1.2120130866622283,1.03652904518143,0.6277897583019616,0.20712787508169406,-12.81947095481857,-9.967210241698039,0.5587,4.403327875081694,151,0
vv_083,ego,,15.9923642,-21.86624793,11.9056,2.133392559981426,0.6097322260841262,-0.3252214643635867,0.515756126344229,-0.1837858481759569,15.667142735636414,-21.35049180365577,2.133392559981426,11.721814151824043,,
vv_083,obstacle_20044,20044,-13.801503,18.76673,6.0,-1.005846,1.724593331915723,0.9232902036736803,-1.4566253328043821,0.06880213703955118,-12.87821279632632,17.310104667195617,-1.005846,6.068802137039551,151,0
vv_083,obstacle_20087,20087,-13.856,-10.595,4.1962,0.5587,-0.41149082892065936,-0.3560922890313627,-0.20621101808151643,0.17641747331747992,-14.212092289031363,-10.801211018081517,0.5587,4.37261747331748,151,0
vv_084,ego,,15.9923642,-21.86624793,11.9056,2.133392559981426,-0.5573706621989829,0.29729269310489315,-0.47146485521889403,0.012739244606758238,16.289656893104894,-22.337712785218894,2.133392559981426,11.918339244606758,,
vv_084,obstacle_20044,20044,-13.801503,18.76673,6.0,-1.005846,1.4202341308933217,0.7603493674041495,-1.1995556785787933,0.5409640414131907,-13.04115363259585,17.567174321421206,-1.005846,6.540964041413191,151,0
vv_084,obstacle_20087,20087,-13.856,-10.595,4.1962,0.5587,2.52634318377115,2.149782050937704,1.3264457786126833,0.005086095256338852,-11.706217949062296,-9.268554221387317,0.5587,4.201286095256339,151,0
vv_085,ego,,15.9923642,-21.86624793,11.9056,2.133392559981426,0.08110045896227636,-0.043257693161535826,0.06860070213295799,0.29987041076383647,15.949106506838465,-21.797647227867042,2.133392559981426,12.205470410763835,,
vv_085,obstacle_20044,20044,-13.801503,18.76673,6.0,-1.005846,-1.1132958495347924,-0.5960283378673275,0.9403073269152529,0.47233530728309603,-14.397531337867328,19.707037326915252,-1.005846,6.472335307283096,151,0
vv_085,obstacle_20087,20087,-13.856,-10.595,4.1962,0.5587,-0.03515012089545966,-0.030417900302236234,-0.01761483295886279,-0.5378005859306242,-13.886417900302236,-10.612614832958863,0.5587,3.658399414069376,151,0
vv_086,ego,,15.9923642,-21.86624793,11.9056,2.133392559981426,-1.7117634117082252,0.9130275221473347,-1.4479346399145498,0.3419932110394631,16.905391722147336,-23.31418256991455,2.133392559981426,12.247593211039463,,
vv_086,obstacle_20044,20044,-13.801503,18.76673,6.0,-1.005846,-2.6665924985587326,-1.4276211443252809,2.252246305723485,-0.3071439894128817,-15.229124144325281,21.018976305723484,-1.005846,5.692856010587119,151,0
vv_086,obstacle_20087,20087,-13.856,-10.595,4.1962,0.5587,-0.9952197569907248,-0.8612344588228833,-0.4987359738786967,-0.45780777673176865,-14.717234458822883,-11.093735973878697,0.5587,3.7383922232682316,151,0
vv_087,ego,,15.9923642,-21.86624793,11.9056,2.133392559981426,-0.7444265207920431,0.39706532868420297,-0.6296903759908119,0.24269256672508566,16.389429528684204,-22.495938305990812,2.133392559981426,12.148292566725086,,
vv_087,obstacle_20044,20044,-13.801503,18.76673,6.0,-1.005846,-2.9119029386395754,-1.5589536862762685,2.4594393930535112,0.4580427943289609,-15.360456686276269,21.22616939305351,-1.005846,6.458042794328961,151,0
vv_087,obstacle_20087,20087,-13.856,-10.595,4.1962,0.5587,2.1392881414473486,1.8219746872933378,1.1206454979799787,-0.17883379753183248,-12.034025312706662,-9.474354502020022,0.5587,4.017366202468168,151,0
vv_088,ego,,15.9923642,-21.86624793,11.9056,2.133392559981426,-1.3855484037574608,0.7390295979252421,-1.1719981367499273,0.10084040794508087,16.731393797925243,-23.038246066749927,2.133392559981426,12.00644040794508,,
vv_088,obstacle_20044,20044,-13.801503,18.76673,6.0,-1.005846,-2.281964664810634,-1.2217018565257405,1.927383538688101,-0.18911289449044644,-15.02320485652574,20.6941135386881,-1.005846,5.810887105509553,151,0
vv_088,obstacle_20087,20087,-13.856,-10.595,4.1962,0.5587,2.750575085405835,2.3396817598151713,1.445685384873789,0.6936502616170919,-11.516318240184829,-9.149314615126212,0.5587,4.889850261617092,151,0
vv_089,ego,,15.9923642,-21.86624793,11.9056,2.133392559981426,1.0884195654183424,-0.5805456953597172,0.9206648870045306,-0.1890384900792338,15.411818504640284,-20.94558304299547,2.133392559981426,11.716561509920766,,
vv_089,obstacle_20044,20044,-13.801503,18.76673,6.0,-1.005846,1.125990294996555,0.6028221714804474,-0.9510307954995625,0.2875689116776178,-13.198680828519553,17.815699204500437,-1.005846,6.287568911677618,151,0
vv_089,obstacle_20087,20087,-13.856,-10.595,4.1962,0.5587,-0.6729498290181013,-0.5823513628405159,-0.33723636009968594,0.19724408842062313,-14.438351362840516,-10.932236360099687,0.5587,4.393444088420623,151,0
vv_090,ego,,15.9923642,-21.86624793,11.9056,2.133392559981426,-1.957089420097295,1.0438805337409427,-1.6554493134896937,-0.29094234139775854,17.036244733740944,-23.521697243489694,2.133392559981426,11.61465765860224,,
vv_090,obstacle_20044,20044,-13.801503,18.76673,6.0,-1.005846,0.15052981780356678,0.08058970113946451,-0.12713978967384776,-0.47074817403838576,-13.720913298860536,18.63959021032615,-1.005846,5.529251825961614,151,0
vv_090,obstacle_20087,20087,-13.856,-10.595,4.1962,0.5587,-2.004558792740798,-1.7346873340466278,-1.0045475631609708,0.47082600677033315,-15.590687334046628,-11.599547563160971,0.5587,4.6670260067703335,151,0
vv_091,ego,,15.9923642,-21.86624793,11.9056,2.133392559981426,1.956532010734422,-1.0435832115059718,1.65497782080541,0.0559694280284484,14.948780988494029,-20.21127010919459,2.133392559981426,11.961569428028447,,
vv_091,obstacle_20044,20044,-13.801503,18.76673,6.0,-1.005846,2.03441838529028,1.0891548183747197,-1.7183131110619136,0.6864503300567815,-12.71234818162528,17.048416888938085,-1.005846,6.686450330056782,151,0
vv_091,obstacle_20087,20087,-13.856,-10.595,4.1962,0.5587,-2.150424668587352,-1.8609154537789863,-1.0776455489424954,-0.07245614144390844,-15.716915453778986,-11.672645548942496,0.5587,4.123743858556091,151,0
vv_092,ego,,15.9923642,-21.86624793,11.9056,2.133392559981426,-0.42970913663232047,0.22920005508936114,-0.36347940361501685,-0.419950716353815,16.221564255089362,-22.229727333615017,2.133392559981426,11.485649283646184,,
vv_092,obstacle_20044,20044,-13.801503,18.76673,6.0,-1.005846,1.5319810367684665,0.820174096297011,-1.2939398551436483,-0.09270936174836986,-12.98132890370299,17.47279014485635,-1.005846,5.90729063825163,151,0
vv_092,obstacle_20087,20087,-13.856,-10.595,4.1962,0.5587,-0.1840383948575921,-0.15926151614701922,-0.09222743765448449,-0.48905783666146374,-14.015261516147019,-10.687227437654485,0.5587,3.7071421633385366,151,0
vv_093,ego,,15.9923642,-21.86624793,11.9056,2.133392559981426,-1.2762933910765275,0.6807547026751415,-1.0795822594370925,0.407103622156215,16.673118902675142,-22.945830189437093,2.133392559981426,12.312703622156215,,
vv_093,obstacle_20044,20044,-13.801503,18.76673,6.0,-1.005846,-2.7321054661543265,-1.4626950064986417,2.307579596927109,-0.37400680107881124,-15.264198006498642,21.074309596927108,-1.005846,5.625993198921189,151,0
vv_093,obstacle_20087,20087,-13.856,-10.595,4.1962,0.5587,-1.2476440181128299,-1.0796751302366125,-0.6252337235636602,-0.013723440637778972,-14.935675130236612,-11.22023372356366,0.5587,4.182476559362221,151,0
vv_094,ego,,15.9923642,-21.86624793,11.9056,2.133392559981426,0.3457806920591837,-0.18443391509089402,0.2924866087886073,-0.006710024149333416,15.807930284909107,-21.573761321211393,2.133392559981426,11.898889975850667,,
vv_094,obstacle_20044,20044,-13.801503,18.76673,6.0,-1.005846,-2.4953079926587076,-1.3359200754704226,2.1075766961564,-0.358865564322001,-15.137423075470423,20.8743066961564,-1.005846,5.641134435677999,151,0
vv_094,obstacle_20087,20087,-13.856,-10.595,4.1962,0.5587,2.0615303085752466,1.7561168511849754,1.079305362520305,0.19262418066984266,-12.099883148815024,-9.515694637479696,0.5587,4.388824180669843,151,0
vv_095,ego,,15.9923642,-21.86624793,11.9056,2.133392559981426,0.5965962005370975,-0.31821491717119876,0.504644715010194,0.17020325535135494,15.674149282828802,-21.361603214989806,2.133392559981426,12.075803255351355,,
vv_095,obstacle_20044,20044,-13.801503,18.76673,6.0,-1.005846,1.5774181142371742,0.8444991764471741,-1.332317172462833,-0.6186481255899737,-12.957003823552826,17.434412827537166,-1.005846,5.381351874410027,151,0
vv_095,obstacle_20087,20087,-13.856,-10.595,4.1962,0.5587,-0.8003496904043255,-0.6925995265293512,-0.40108044427722866,0.05533840936635015,-14.548599526529351,-10.99608044427723,0.5587,4.251538409366351,151,0
vv_096,ego,,15.9923642,-21.86624793,11.9056,2.133392559981426,-0.6461740668106959,0.34465902417395355,-0.5465812672184533,0.3444788732871865,16.337023224173954,-22.412829197218453,2.133392559981426,12.250078873287187,,
vv_096,obstacle_20044,20044,-13.801503,18.76673,6.0,-1.005846,-0.1045649484762361,-0.05598123128323529,0.08831721346289712,0.37607862524313074,-13.857484231283236,18.855047213462896,-1.005846,6.376078625243131,151,0
vv_096,obstacle_20087,20087,-13.856,-10.595,4.1962,0.5587,2.112093101287014,1.7989414497544125,1.1061873651048053,0.006708076064897317,-12.057058550245587,-9.488812634895195,0.5587,4.202908076064897,151,0
vv_097,ego,,15.9923642,-21.86624793,11.9056,2.133392559981426,1.6382089754853997,-0.8737946925333233,1.385716951668158,0.08712394053698058,15.118569507466677,-20.480530978331842,2.133392559981426,11.99272394053698,,
vv_097,obstacle_20044,20044,-13.801503,18.76673,6.0,-1.005846,2.10164579300233,1.1251446115940578,-1.7750956711648378,-0.22317288617186598,-12.676358388405943,16.99163432883516,-1.005846,5.776827113828134,151,0
vv_097,obstacle_20087,20087,-13.856,-10.595,4.1962,0.5587,-0.00709824881108867,-0.006142619688231932,-0.0035571561042324618,0.043975457406408736,-13.862142619688232,-10.598557156104233,0.5587,4.2401754574064086,151,0
vv_098,ego,,15.9923642,-21.86624793,11.9056,2.133392559981426,-1.5800811364157177,0.8427902798399636,-1.336548144237259,-0.10144749329845937,16.835154479839964,-23.20279607423726,2.133392559981426,11.80415250670154,,
vv_098,obstacle_20044,20044,-13.801503,18.76673,6.0,-1.005846,2.5040260353100567,1.340553808307849,-2.1149614349251102,0.18316513651063937,-12.460949191692151,16.65176856507489,-1.005846,6.183165136510639,151,0
vv_098,obstacle_20087,20087,-13.856,-10.595,4.1962,0.5587,-1.934960505378195,-1.674458984548247,-0.9696696687218225,-0.22560211014655301,-15.530458984548247,-11.564669668721823,0.5587,3.970597889853447,151,0
vv_099,ego,,15.9923642,-21.86624793,11.9056,2.133392559981426,-1.2335879613492007,0.6579763020974205,-1.043458884797996,-0.47517686820142746,16.65034050209742,-22.909706814797996,2.133392559981426,11.430423131798573,,
vv_099,obstacle_20044,20044,-13.801503,18.76673,6.0,-1.005846,2.56476275102416,1.3730680308506749,-2.166262253324142,-0.07250974044037994,-12.428434969149325,16.600467746675857,-1.005846,5.92749025955962,151,0
vv_099,obstacle_20087,20087,-13.856,-10.595,4.1962,0.5587,-1.154789565475283,-0.9993215664082591,-0.5787014320372261,0.1378680681808312,-14.855321566408259,-11.173701432037227,0.5587,4.334068068180831,151,0
